{"metadata":{"usedHelpers":["typeof","interopRequireDefault"],"marked":[],"modules":{"imports":[],"exports":{"exported":[],"specifiers":[]}}},"options":{"filename":"/server/StoredProcedures.js","filenameRelative":"/server/StoredProcedures.js","env":{"development":{"plugins":[]}},"retainLines":false,"highlightCode":true,"suppressDeprecationMessages":false,"presets":[],"plugins":[[[],{"polyfill":false}],[[],null],[[],null],[[],{"allowTopLevelThis":true,"strict":false,"loose":true}],[[],null],[[],null],[[],null],[[],null],[[],null],[[],null],[[],null],[[],null],[[],null],[[],null],[[],null],[[],null],[[],null],[[],{"loose":true}],[[],{"loose":true}],[[],null],[[],{"loose":true}],[[],null],[[],null],[[],null],[[],null],[[],null],[[],null],[[],{"loose":true}],[[],null],[[],null],[[],null],[[],null],[[],null],[[],null],[[],null]],"ignore":[],"code":true,"metadata":true,"ast":false,"comments":true,"compact":false,"minified":false,"sourceMap":true,"sourceMaps":true,"sourceMapTarget":"/server/StoredProcedures.js.map","sourceFileName":"/server/StoredProcedures.js","babelrc":false,"sourceType":"module","moduleIds":false,"passPerPreset":false,"parserOpts":false,"generatorOpts":false,"basename":"StoredProcedures"},"ignored":false,"code":"var _typeof2 = require(\"babel-runtime/helpers/typeof\");\n\nvar _typeof3 = _interopRequireDefault(_typeof2);\n\nfunction _interopRequireDefault(obj) { return obj && obj.__esModule ? obj : { \"default\": obj }; }\n\n//Call Sotred Procedure on the database\nvar log = new LoggerServer('StroredProcedure.js', CLL.error); /*  supportered data types for the Sql.driver\n                                                               Bit, BigInt, Decimal ([precision], [scale]), Float, Int, Money, Numeric ([precision], [scale]), SmallInt, SmallMoney, Real, TinyInt\n                                                               Char ([length]), NChar ([length]), Text, NText, VarChar ([length]), NVarChar ([length]), Xml\n                                                               Time ([scale]), Date, DateTime ,DateTime2 ([scale]), DateTimeOffset ([scale]), SmallDateTime\n                                                               UniqueIdentifier\n                                                               Binary, VarBinary ([length]), Image\n                                                               UDT, Geography, Geometry\n                                                               */ /* \n                                                                   examples of calls\n                                                                   \n                                                                   with Input parameters\n                                                                   var inputs = [{name: \"userName\", type: Sql.driver.NVarChar, value: email}];\n                                                                   Meteor.call('callStoredProcedure', '[uspGetRole]', inputs, {}, function (error, result) {\n                                                                   });\n                                                                   \n                                                                   without Input parameters\n                                                                   Meteor.call('callStoredProcedure', '[uspGetRole]', {}, {}, function (error, result) {\n                                                                   });\n                                                                   */ //This will add in the current users e-mail address to the SP as a parameter, it's used for verification that the user\n//has permission to run the SP.\n\nMeteor.methods({\n    AddEmailToSP: function (SPname, inputObject, outputObject, IDParameter) {\n        log.trace(\"AddEmailToSP\");\n        log.debug(\"SPname:\" + SPname);\n        log.debug(\"inputObject:\" + JSON.stringify(inputObject));\n        log.debug(\"outputObject:\" + JSON.stringify(outputObject));\n        log.debug(\"IDParameter:\" + JSON.stringify(IDParameter));\n\n        if (typeof inputObject === 'undefined') {\n            inputObject = [];\n        }\n\n        if (typeof outputObject === 'undefined') {\n            outputObject = [];\n        }\n\n        log.trace('After inputs tests');\n\n        if (!Lib.JS.isUndefined(IDParameter)) {\n            log.trace('IDParameter is not undefined');\n            log.trace('Meteor.user().services.google.email:' + Meteor.user().services.google.email);\n            var email = Meteor.user().services.google.email;\n            log.trace('email:' + email);\n\n            if (!Lib.JS.isUndefined(email)) {\n                log.trace('email is not undefined');\n                inputObject.push({\n                    name: IDParameter,\n                    type: SQLTypes.NVarChar,\n                    value: email\n                });\n            } else {\n                log.error('For ' + SPname + ' the meteor email is not correct.  email:' + email);\n            }\n        } else {\n            log.error('For ' + SPname + ' the IDParameter is not correct.  IDParameter:' + IDParameter);\n        }\n\n        log.trace('Rigth Before SP');\n        return SP(SPname, inputObject, outputObject);\n    }\n}); //Run an SP on the DB and return the data\n\nfunction SP(SPname, inputObject, outputObject) {\n    log.trace(\"SP\");\n    var errorOccured = false;\n\n    if (Lib.JS.isSTREmpty(SPname)) {\n        log.error(\"SPname is empty\");\n        log.error(\"SPname:\" + SPname);\n        return \"\";\n    } //log.debug(\"SPname:\" + SPname);\n\n\n    if (typeof inputObject === 'undefined') {\n        log.debug(\"inputObject is undefined\");\n    }\n\n    if (typeof outputObject === 'undefined') {\n        log.debug(\"outputObject is undefined\");\n    }\n\n    var inputCounter = 0;\n\n    for (inputCounter = 0; inputCounter < inputObject.length; inputCounter++) {\n        log.trace(\"inputObject[inputCounter].name:\" + inputObject[inputCounter].name);\n        log.trace(\"inputObject[inputCounter].type:\" + inputObject[inputCounter].type);\n        log.trace(\"inputObject[inputCounter].value:\" + inputObject[inputCounter].value);\n\n        if (inputObject[inputCounter].type === SQLTypes.Int) {\n            if (Lib.DB.isString(inputObject[inputCounter].value)) {\n                inputObject[inputCounter].value = parseInt(inputObject[inputCounter].value);\n            }\n\n            log.trace(\"check isInt\");\n\n            if (!Lib.DB.isInt(inputObject[inputCounter].value)) {\n                typeError(inputObject[inputCounter]);\n                errorOccured = true;\n                log.trace(\"check isInt failed\");\n            } else {\n                log.trace(\"check isInt failed\");\n            }\n\n            inputObject[inputCounter].type = Sql.driver.Int;\n        } else if (inputObject[inputCounter].type === SQLTypes.NVarChar) {\n            log.warn('Test not setup for NVarChar so be careful');\n            inputObject[inputCounter].type = Sql.driver.NVarChar;\n        } else if (inputObject[inputCounter].type === SQLTypes.Bit) {\n            log.warn('Test not setup for Bit so be careful');\n            inputObject[inputCounter].type = Sql.driver.Bit;\n        } else if (inputObject[inputCounter].type === SQLTypes.Date) {\n            if (!Lib.DB.isDate(inputObject[inputCounter].value)) {\n                typeError(inputObject[inputCounter]);\n                errorOccured = true;\n            }\n\n            inputObject[inputCounter].type = Sql.driver.Date;\n        } else if (inputObject[inputCounter].type === SQLTypes.VarBinary) {\n            log.warn('Test not setup for VarBinary so be careful');\n            inputObject[inputCounter].type = Sql.driver.VarBinary;\n        } else if (inputObject[inputCounter].type === SQLTypes.Decimal) {\n            if (Lib.DB.isString(inputObject[inputCounter].value)) {\n                inputObject[inputCounter].value = parseFloat(inputObject[inputCounter].value);\n            }\n\n            if (!Lib.JS.isDecimal(inputObject[inputCounter].value)) {\n                typeError(inputObject[inputCounter]);\n                errorOccured = true;\n            }\n\n            inputObject[inputCounter].type = Sql.driver.Decimal;\n        } else if (inputObject[inputCounter].type === SQLTypes.Money) {\n            log.error(\"Checking money\");\n\n            if (Lib.DB.isString(inputObject[inputCounter].value)) {\n                inputObject[inputCounter].value = parseFloat(inputObject[inputCounter].value);\n            } /*if (!Lib.DB.isMoney(inputObject[inputCounter].value)) {\n                  typeError(inputObject[inputCounter]);\n                  errorOccured = true;\n              }*/\n\n            inputObject[inputCounter].type = Sql.driver.Money;\n        } else if (inputObject[inputCounter].type === SQLTypes.DateTime) {\n            log.warn('Test not setup for DateTime, use date if possible');\n            inputObject[inputCounter].type = Sql.driver.DateTime;\n        }\n    }\n\n    if (errorOccured) {\n        log.error('SP:' + SPname + ' failed check errors');\n        return false;\n    }\n\n    var outputCounter = 0;\n\n    for (outputCounter = 0; outputCounter < outputObject.length; outputCounter++) {\n        if (outputObject[outputCounter].type === SQLTypes.Int) {\n            outputObject[outputCounter].type = Sql.driver.Int;\n        } else if (outputObject[outputCounter].type === SQLTypes.NVarChar) {\n            outputObject[outputCounter].type = Sql.driver.NVarChar;\n        } else if (outputObject[outputCounter].type === SQLTypes.Bit) {\n            outputObject[outputCounter].type = Sql.driver.Bit;\n        } else if (outputObject[outputCounter].type === SQLTypes.Date) {\n            outputObject[outputCounter].type = Sql.driver.Date;\n        } else if (outputObject[outputCounter].type === SQLTypes.VarBinary) {\n            outputObject[outputCounter].type = Sql.driver.VarBinary;\n        } else if (outputObject[outputCounter].type === SQLTypes.Decimal) {\n            outputObject[outputCounter].type = Sql.driver.Decimal;\n        } else if (outputObject[inputCounter].type === SQLTypes.DateTime) {\n            outputObject[inputCounter].type = Sql.driver.DateTime;\n        }\n    }\n\n    var SPOptions = {\n        sp: \"[dbo].\" + SPname,\n        inputs: inputObject,\n        outputs: outputObject\n    };\n    log.trace(\"calling SQL:\" + SPname); //var result = Sql.sp(SPOptions)[0];\n\n    try {\n        var result = Sql.sp(SPOptions)[0];\n    } catch (e) {\n        log.error(SPname + \"ERROR:\" + e);\n        throw new Meteor.Error(500, 'Error 500: DB Error', e);\n        return result;\n    }\n\n    log.trace(\"finished calling SQL\");\n    log.trace(\"outputObject:\" + JSON.stringify(outputObject));\n    log.trace(\"result:\" + JSON.stringify(result));\n    return result;\n}\n\nfunction typeError(object) {\n    log.error(object.name + ' type does not match value');\n    log.error('object.type:' + object.type);\n    log.error('object.value:' + object.value);\n    log.error('object.value typeof:' + (0, _typeof3.default)(object.value).toString());\n} //basic warpper for the SP function, it validates some of the data and is used for testing.\n\n\nMeteor.methods({\n    callStoredProcedure: function (SPname, inputObject, outputObject) {\n        log.trace(\"callStoredProcedure\");\n\n        if (!Lib.DB.validateSQLInputs(inputObject, log)) {\n            log.error(\"SPname:\" + SPname + \" has failed input validation and was not called\");\n            return \"\";\n        }\n\n        log.debug(\"SPname:\" + SPname);\n        log.debug(\"inputObject:\" + inputObject);\n        log.debug(\"outputObject:\" + outputObject);\n\n        if (typeof inputObject === 'undefined') {\n            inputObject = [];\n        }\n\n        if (typeof outputObject === 'undefined') {\n            outputObject = [];\n        }\n\n        log.trace(\"callStoredProcedure validation passed\");\n        return SP(SPname, inputObject, outputObject);\n    }\n}); //This code is user called to determin is user can change the information of an order\n//See the documentation for specifics.\n\nvar securityLog = new LoggerServer('securty.js', CLL.error);\nMeteor.methods({\n    hasWritePermissionToOrder: function (readOnly, orderInfo) {\n        securityLog.trace(\"hasWritePermissionToOrder\");\n        securityLog.trace(\"readOnly:\" + readOnly);\n        securityLog.trace(\"orderInfo:\" + JSON.stringify(orderInfo)); //if readOnly = true then true (probably becasue of history page)\n\n        if (readOnly) {\n            securityLog.trace(\"readOnly is true so false\");\n            return false;\n        } //if the order has been completed or delted then true\n\n\n        if (orderInfo.status === OrderStatus.Completed || orderInfo.status === OrderStatus.Deleted) {\n            securityLog.trace(\"status is completed or delted so false\");\n            return false;\n        }\n\n        var email = Meteor.user().services.google.email;\n        var results = SP('[uspGetRole]', [{\n            name: 'email',\n            type: SQLTypes.NVarChar,\n            value: email\n        }], []);\n        securityLog.trace(\"[uspGetRole] results:\" + JSON.stringify(results));\n        var role = results[0].role;\n        securityLog.trace(\"role:\" + role); //if the user is in the school staff role then false\n\n        if (role === 'SchoolStaff') {\n            securityLog.trace(\"role is school staff so false\");\n            return false;\n        } //If the user is an admin or SEACoordinator then true\n\n\n        if (role === 'Admin' || role === 'SEACoordinator') {\n            securityLog.trace(\"role is Admin OR SEACoordinator so true\");\n            return true;\n        }\n\n        securityLog.trace(\"orderInfo.equipmentType:\" + orderInfo.equipmentType);\n        securityLog.trace(\"orderInfo.tableType:\" + orderInfo.tableType); //If the user is SEATech and the order is technical then true\n\n        if (role === 'SEATech' && (orderInfo.equipmentType === 'assistive' || orderInfo.tableType === 'techOrder')) {\n            securityLog.trace(\"role is SEATech and assistive order so true\");\n            return true;\n        }\n\n        if (Lib.JS.isUndefined(orderInfo.requester)) {\n            securityLog.trace(\"orderInfo.requester is Undefined so must be a new request, cannot tell what kind of request\");\n\n            if (role === 'SEAAdminAsst' || role === 'SEAAdminAsstU8' || role === 'SEATech' || role === 'SpecEdConsultant') {\n                securityLog.trace(\"role === SEAAdminAsst || SEAAdminAsstU8 || SEATech || SpecEdConsultant -> true, new order + these creds equals true\");\n                return true;\n            }\n        } //If the user is SEAAdminAsst and the order is non-technical then true\n\n\n        if (role === 'SEAAdminAsst' && (orderInfo.equipmentType === 'physical' || orderInfo.tableType === 'order')) {\n            securityLog.trace(\"role is SEAAdminAsst and order is physical so true\");\n            return true;\n        } //if the user is SEAAdminAsstU8 and the order ir under $800 and non-technical then true\n\n\n        if (role === 'SEAAdminAsstU8' && (orderInfo.equipmentType === 'physical' || orderInfo.tableType === 'order') && orderInfo.cost <= 800) {\n            securityLog.trace(\"role is SEAAdminAsstU8 and order is physical and under $800 so true\");\n            return true;\n        }\n\n        securityLog.trace(\"orderInfo.requester:\" + orderInfo.requester); //If the user is the requestor then true\n\n        if (orderInfo.requester === 'serverEamil') {\n            securityLog.trace(\"user is the requester so true\");\n            return true;\n        } //If the user is a SpecEdConsultant and belongs to this school then true\n\n\n        if (role === 'SpecEdConsultant') {\n            securityLog.trace(\"[uspIsSchoolConsultant] email:\" + JSON.stringify(email));\n            securityLog.trace(\"[uspIsSchoolConsultant] orderInfo.ID:\" + JSON.stringify(orderInfo.ID));\n            var results = SP('[uspIsSchoolConsultant]', [{\n                name: 'requesterEmail',\n                type: SQLTypes.NVarChar,\n                value: email\n            }, {\n                name: 'orderID',\n                type: SQLTypes.Int,\n                value: orderInfo.ID\n            }], {});\n            securityLog.trace(\"[uspIsSchoolConsultant] results:\" + JSON.stringify(results));\n\n            if (results[0].result === 1) {\n                securityLog.trace(\"role is SpecEdConsultant and they are in charge of the school so true\");\n                return true;\n            } else if (!orderInfo.isLoad) {\n                securityLog.trace(\"role is SpecEdConsultant and they are creating a new order for a student that is not theirs so true\");\n                return true;\n            }\n        }\n\n        securityLog.trace(\"role === 'SpecEdConsultant' : \" + (role === 'SpecEdConsultant').toString()); //otherwise true\n\n        securityLog.trace(\"else so false\");\n        return false;\n    }\n});","ast":null,"map":{"version":3,"sources":["/server/StoredProcedures.js"],"names":["log","LoggerServer","CLL","error","Meteor","methods","AddEmailToSP","SPname","inputObject","outputObject","IDParameter","trace","debug","JSON","stringify","Lib","JS","isUndefined","user","services","google","email","push","name","type","SQLTypes","NVarChar","value","SP","errorOccured","isSTREmpty","inputCounter","length","Int","DB","isString","parseInt","isInt","typeError","Sql","driver","warn","Bit","Date","isDate","VarBinary","Decimal","parseFloat","isDecimal","Money","DateTime","outputCounter","SPOptions","sp","inputs","outputs","result","e","Error","object","toString","callStoredProcedure","validateSQLInputs","securityLog","hasWritePermissionToOrder","readOnly","orderInfo","status","OrderStatus","Completed","Deleted","results","role","equipmentType","tableType","requester","cost","ID","isLoad"],"mappings":";;;;;;AAAA;AACA,IAAIA,MAAM,IAAIC,YAAJ,CAAiB,qBAAjB,EAAwCC,IAAIC,KAA5C,CAAV,C,CAEA;;;;;;;kEASA;;;;;;;;;;;sEAaA;AACA;;AACAC,OAAOC,OAAP,CAAe;AACXC,kBAAc,UAAUC,MAAV,EAAkBC,WAAlB,EAA+BC,YAA/B,EAA6CC,WAA7C,EAA0D;AACpEV,YAAIW,KAAJ,CAAU,cAAV;AAEAX,YAAIY,KAAJ,CAAU,YAAYL,MAAtB;AACAP,YAAIY,KAAJ,CAAU,iBAAiBC,KAAKC,SAAL,CAAeN,WAAf,CAA3B;AACAR,YAAIY,KAAJ,CAAU,kBAAkBC,KAAKC,SAAL,CAAeL,YAAf,CAA5B;AACAT,YAAIY,KAAJ,CAAU,iBAAiBC,KAAKC,SAAL,CAAeJ,WAAf,CAA3B;;AAEA,YAAI,OAAOF,WAAP,KAAuB,WAA3B,EAAuC;AACnCA,0BAAc,EAAd;AACH;;AACD,YAAI,OAAOC,YAAP,KAAwB,WAA5B,EAAwC;AACpCA,2BAAe,EAAf;AACH;;AAEDT,YAAIW,KAAJ,CAAU,oBAAV;;AAEA,YAAI,CAACI,IAAIC,EAAJ,CAAOC,WAAP,CAAmBP,WAAnB,CAAL,EAAsC;AAClCV,gBAAIW,KAAJ,CAAU,8BAAV;AACAX,gBAAIW,KAAJ,CAAU,yCAAyCP,OAAOc,IAAP,GAAcC,QAAd,CAAuBC,MAAvB,CAA8BC,KAAjF;AACA,gBAAIA,QAAQjB,OAAOc,IAAP,GAAcC,QAAd,CAAuBC,MAAvB,CAA8BC,KAA1C;AACArB,gBAAIW,KAAJ,CAAU,WAAWU,KAArB;;AAEA,gBAAI,CAACN,IAAIC,EAAJ,CAAOC,WAAP,CAAmBI,KAAnB,CAAL,EAAgC;AAC5BrB,oBAAIW,KAAJ,CAAU,wBAAV;AACAH,4BAAYc,IAAZ,CAAiB;AAACC,0BAAMb,WAAP;AAAoBc,0BAAMC,SAASC,QAAnC;AAA6CC,2BAAON;AAApD,iBAAjB;AACH,aAHD,MAGO;AACHrB,oBAAIG,KAAJ,CAAU,SAASI,MAAT,GAAkB,2CAAlB,GAAgEc,KAA1E;AACH;AACJ,SAZD,MAYO;AACHrB,gBAAIG,KAAJ,CAAU,SAASI,MAAT,GAAkB,gDAAlB,GAAqEG,WAA/E;AACH;;AAEDV,YAAIW,KAAJ,CAAU,iBAAV;AACA,eAAOiB,GAAGrB,MAAH,EAAWC,WAAX,EAAwBC,YAAxB,CAAP;AACH;AApCU,CAAf,E,CAuCA;;AACA,SAASmB,EAAT,CAAYrB,MAAZ,EAAoBC,WAApB,EAAiCC,YAAjC,EAA+C;AAC3CT,QAAIW,KAAJ,CAAU,IAAV;AACA,QAAIkB,eAAe,KAAnB;;AACA,QAAId,IAAIC,EAAJ,CAAOc,UAAP,CAAkBvB,MAAlB,CAAJ,EAA+B;AAC3BP,YAAIG,KAAJ,CAAU,iBAAV;AACAH,YAAIG,KAAJ,CAAU,YAAYI,MAAtB;AACA,eAAO,EAAP;AACH,KAP0C,CAS3C;;;AAEA,QAAI,OAAOC,WAAP,KAAuB,WAA3B,EAAwC;AACpCR,YAAIY,KAAJ,CAAU,0BAAV;AACH;;AAED,QAAI,OAAOH,YAAP,KAAwB,WAA5B,EAAyC;AACrCT,YAAIY,KAAJ,CAAU,2BAAV;AACH;;AAED,QAAImB,eAAe,CAAnB;;AACA,SAAKA,eAAe,CAApB,EAAuBA,eAAevB,YAAYwB,MAAlD,EAA0DD,cAA1D,EAA0E;AACtE/B,YAAIW,KAAJ,CAAU,oCAAoCH,YAAYuB,YAAZ,EAA0BR,IAAxE;AACAvB,YAAIW,KAAJ,CAAU,oCAAoCH,YAAYuB,YAAZ,EAA0BP,IAAxE;AACAxB,YAAIW,KAAJ,CAAU,qCAAqCH,YAAYuB,YAAZ,EAA0BJ,KAAzE;;AAEA,YAAInB,YAAYuB,YAAZ,EAA0BP,IAA1B,KAAmCC,SAASQ,GAAhD,EAAqD;AACjD,gBAAGlB,IAAImB,EAAJ,CAAOC,QAAP,CAAgB3B,YAAYuB,YAAZ,EAA0BJ,KAA1C,CAAH,EAAoD;AAChDnB,4BAAYuB,YAAZ,EAA0BJ,KAA1B,GAAkCS,SAAS5B,YAAYuB,YAAZ,EAA0BJ,KAAnC,CAAlC;AACH;;AAED3B,gBAAIW,KAAJ,CAAU,aAAV;;AACA,gBAAI,CAACI,IAAImB,EAAJ,CAAOG,KAAP,CAAa7B,YAAYuB,YAAZ,EAA0BJ,KAAvC,CAAL,EAAoD;AAChDW,0BAAU9B,YAAYuB,YAAZ,CAAV;AACAF,+BAAe,IAAf;AACA7B,oBAAIW,KAAJ,CAAU,oBAAV;AACH,aAJD,MAIO;AACHX,oBAAIW,KAAJ,CAAU,oBAAV;AACH;;AACDH,wBAAYuB,YAAZ,EAA0BP,IAA1B,GAAiCe,IAAIC,MAAJ,CAAWP,GAA5C;AACH,SAdD,MAcO,IAAIzB,YAAYuB,YAAZ,EAA0BP,IAA1B,KAAmCC,SAASC,QAAhD,EAA0D;AAC7D1B,gBAAIyC,IAAJ,CAAS,2CAAT;AACAjC,wBAAYuB,YAAZ,EAA0BP,IAA1B,GAAiCe,IAAIC,MAAJ,CAAWd,QAA5C;AACH,SAHM,MAGA,IAAIlB,YAAYuB,YAAZ,EAA0BP,IAA1B,KAAmCC,SAASiB,GAAhD,EAAqD;AACxD1C,gBAAIyC,IAAJ,CAAS,sCAAT;AACAjC,wBAAYuB,YAAZ,EAA0BP,IAA1B,GAAiCe,IAAIC,MAAJ,CAAWE,GAA5C;AACH,SAHM,MAGA,IAAIlC,YAAYuB,YAAZ,EAA0BP,IAA1B,KAAmCC,SAASkB,IAAhD,EAAsD;AACzD,gBAAI,CAAC5B,IAAImB,EAAJ,CAAOU,MAAP,CAAcpC,YAAYuB,YAAZ,EAA0BJ,KAAxC,CAAL,EAAqD;AACjDW,0BAAU9B,YAAYuB,YAAZ,CAAV;AACAF,+BAAe,IAAf;AACH;;AACDrB,wBAAYuB,YAAZ,EAA0BP,IAA1B,GAAiCe,IAAIC,MAAJ,CAAWG,IAA5C;AACH,SANM,MAMA,IAAInC,YAAYuB,YAAZ,EAA0BP,IAA1B,KAAmCC,SAASoB,SAAhD,EAA2D;AAC9D7C,gBAAIyC,IAAJ,CAAS,4CAAT;AACAjC,wBAAYuB,YAAZ,EAA0BP,IAA1B,GAAiCe,IAAIC,MAAJ,CAAWK,SAA5C;AACH,SAHM,MAGA,IAAIrC,YAAYuB,YAAZ,EAA0BP,IAA1B,KAAmCC,SAASqB,OAAhD,EAAyD;AAC5D,gBAAG/B,IAAImB,EAAJ,CAAOC,QAAP,CAAgB3B,YAAYuB,YAAZ,EAA0BJ,KAA1C,CAAH,EAAoD;AAChDnB,4BAAYuB,YAAZ,EAA0BJ,KAA1B,GAAkCoB,WAAWvC,YAAYuB,YAAZ,EAA0BJ,KAArC,CAAlC;AACH;;AAED,gBAAI,CAACZ,IAAIC,EAAJ,CAAOgC,SAAP,CAAiBxC,YAAYuB,YAAZ,EAA0BJ,KAA3C,CAAL,EAAwD;AACpDW,0BAAU9B,YAAYuB,YAAZ,CAAV;AACAF,+BAAe,IAAf;AACH;;AACDrB,wBAAYuB,YAAZ,EAA0BP,IAA1B,GAAiCe,IAAIC,MAAJ,CAAWM,OAA5C;AACH,SAVM,MAUA,IAAItC,YAAYuB,YAAZ,EAA0BP,IAA1B,KAAmCC,SAASwB,KAAhD,EAAuD;AAC1DjD,gBAAIG,KAAJ,CAAU,gBAAV;;AACA,gBAAGY,IAAImB,EAAJ,CAAOC,QAAP,CAAgB3B,YAAYuB,YAAZ,EAA0BJ,KAA1C,CAAH,EAAoD;AAChDnB,4BAAYuB,YAAZ,EAA0BJ,KAA1B,GAAkCoB,WAAWvC,YAAYuB,YAAZ,EAA0BJ,KAArC,CAAlC;AACH,aAJyD,CAK1D;;;;;AAIAnB,wBAAYuB,YAAZ,EAA0BP,IAA1B,GAAiCe,IAAIC,MAAJ,CAAWS,KAA5C;AACH,SAVM,MAUA,IAAIzC,YAAYuB,YAAZ,EAA0BP,IAA1B,KAAmCC,SAASyB,QAAhD,EAA0D;AAC7DlD,gBAAIyC,IAAJ,CAAS,mDAAT;AACAjC,wBAAYuB,YAAZ,EAA0BP,IAA1B,GAAiCe,IAAIC,MAAJ,CAAWU,QAA5C;AACH;AACJ;;AAED,QAAIrB,YAAJ,EAAkB;AACd7B,YAAIG,KAAJ,CAAU,QAAOI,MAAP,GAAgB,sBAA1B;AACA,eAAO,KAAP;AACH;;AAED,QAAI4C,gBAAgB,CAApB;;AACA,SAAKA,gBAAgB,CAArB,EAAwBA,gBAAgB1C,aAAauB,MAArD,EAA6DmB,eAA7D,EAA8E;AAE1E,YAAI1C,aAAa0C,aAAb,EAA4B3B,IAA5B,KAAqCC,SAASQ,GAAlD,EAAuD;AACnDxB,yBAAa0C,aAAb,EAA4B3B,IAA5B,GAAmCe,IAAIC,MAAJ,CAAWP,GAA9C;AACH,SAFD,MAEO,IAAIxB,aAAa0C,aAAb,EAA4B3B,IAA5B,KAAqCC,SAASC,QAAlD,EAA4D;AAC/DjB,yBAAa0C,aAAb,EAA4B3B,IAA5B,GAAmCe,IAAIC,MAAJ,CAAWd,QAA9C;AACH,SAFM,MAEA,IAAIjB,aAAa0C,aAAb,EAA4B3B,IAA5B,KAAqCC,SAASiB,GAAlD,EAAuD;AAC1DjC,yBAAa0C,aAAb,EAA4B3B,IAA5B,GAAmCe,IAAIC,MAAJ,CAAWE,GAA9C;AACH,SAFM,MAEA,IAAIjC,aAAa0C,aAAb,EAA4B3B,IAA5B,KAAqCC,SAASkB,IAAlD,EAAwD;AAC3DlC,yBAAa0C,aAAb,EAA4B3B,IAA5B,GAAmCe,IAAIC,MAAJ,CAAWG,IAA9C;AACH,SAFM,MAEA,IAAIlC,aAAa0C,aAAb,EAA4B3B,IAA5B,KAAqCC,SAASoB,SAAlD,EAA6D;AAChEpC,yBAAa0C,aAAb,EAA4B3B,IAA5B,GAAmCe,IAAIC,MAAJ,CAAWK,SAA9C;AACH,SAFM,MAEA,IAAIpC,aAAa0C,aAAb,EAA4B3B,IAA5B,KAAqCC,SAASqB,OAAlD,EAA2D;AAC9DrC,yBAAa0C,aAAb,EAA4B3B,IAA5B,GAAmCe,IAAIC,MAAJ,CAAWM,OAA9C;AACH,SAFM,MAEA,IAAIrC,aAAasB,YAAb,EAA2BP,IAA3B,KAAoCC,SAASyB,QAAjD,EAA2D;AAC9DzC,yBAAasB,YAAb,EAA2BP,IAA3B,GAAkCe,IAAIC,MAAJ,CAAWU,QAA7C;AACH;AACJ;;AAED,QAAIE,YAAY;AACZC,YAAI,WAAW9C,MADH;AAEZ+C,gBAAQ9C,WAFI;AAGZ+C,iBAAS9C;AAHG,KAAhB;AAKAT,QAAIW,KAAJ,CAAU,iBAAiBJ,MAA3B,EA9G2C,CAgH3C;;AAEA,QAAI;AACF,YAAIiD,SAASjB,IAAIc,EAAJ,CAAOD,SAAP,EAAkB,CAAlB,CAAb;AACD,KAFD,CAEE,OAAOK,CAAP,EAAU;AACRzD,YAAIG,KAAJ,CAAUI,SAAS,QAAT,GAAoBkD,CAA9B;AACA,cAAM,IAAIrD,OAAOsD,KAAX,CAAiB,GAAjB,EAAsB,qBAAtB,EAA6CD,CAA7C,CAAN;AACA,eAAOD,MAAP;AACH;;AAGDxD,QAAIW,KAAJ,CAAU,sBAAV;AACAX,QAAIW,KAAJ,CAAU,kBAAkBE,KAAKC,SAAL,CAAeL,YAAf,CAA5B;AACAT,QAAIW,KAAJ,CAAU,YAAYE,KAAKC,SAAL,CAAe0C,MAAf,CAAtB;AACA,WAAOA,MAAP;AACH;;AAED,SAASlB,SAAT,CAAmBqB,MAAnB,EAA2B;AACvB3D,QAAIG,KAAJ,CAAUwD,OAAOpC,IAAP,GAAc,4BAAxB;AACAvB,QAAIG,KAAJ,CAAU,iBAAiBwD,OAAOnC,IAAlC;AACAxB,QAAIG,KAAJ,CAAU,kBAAkBwD,OAAOhC,KAAnC;AACA3B,QAAIG,KAAJ,CAAU,yBAAyB,sBAAQwD,OAAOhC,KAAf,EAAsBiC,QAAtB,EAAnC;AACH,C,CAED;;;AACAxD,OAAOC,OAAP,CAAe;AACXwD,yBAAqB,UAAUtD,MAAV,EAAkBC,WAAlB,EAA+BC,YAA/B,EAA6C;AAC9DT,YAAIW,KAAJ,CAAU,qBAAV;;AACA,YAAI,CAACI,IAAImB,EAAJ,CAAO4B,iBAAP,CAAyBtD,WAAzB,EAAsCR,GAAtC,CAAL,EAAiD;AAC7CA,gBAAIG,KAAJ,CAAU,YAAYI,MAAZ,GAAqB,iDAA/B;AACA,mBAAO,EAAP;AACH;;AAEDP,YAAIY,KAAJ,CAAU,YAAYL,MAAtB;AACAP,YAAIY,KAAJ,CAAU,iBAAiBJ,WAA3B;AACAR,YAAIY,KAAJ,CAAU,kBAAkBH,YAA5B;;AAEA,YAAI,OAAOD,WAAP,KAAuB,WAA3B,EAAuC;AACnCA,0BAAc,EAAd;AACH;;AACD,YAAI,OAAOC,YAAP,KAAwB,WAA5B,EAAwC;AACpCA,2BAAe,EAAf;AACH;;AAEDT,YAAIW,KAAJ,CAAU,uCAAV;AAEA,eAAOiB,GAAGrB,MAAH,EAAWC,WAAX,EAAwBC,YAAxB,CAAP;AACH;AAtBU,CAAf,E,CA0BA;AACA;;AACA,IAAIsD,cAAc,IAAI9D,YAAJ,CAAiB,YAAjB,EAA+BC,IAAIC,KAAnC,CAAlB;AAEAC,OAAOC,OAAP,CAAe;AACX2D,+BAA2B,UAAUC,QAAV,EAAoBC,SAApB,EAA+B;AACtDH,oBAAYpD,KAAZ,CAAkB,2BAAlB;AACAoD,oBAAYpD,KAAZ,CAAkB,cAAcsD,QAAhC;AACAF,oBAAYpD,KAAZ,CAAkB,eAAeE,KAAKC,SAAL,CAAeoD,SAAf,CAAjC,EAHsD,CAKtD;;AACA,YAAID,QAAJ,EAAc;AACVF,wBAAYpD,KAAZ,CAAkB,2BAAlB;AACA,mBAAO,KAAP;AACH,SATqD,CAWtD;;;AACA,YAAIuD,UAAUC,MAAV,KAAqBC,YAAYC,SAAjC,IAA8CH,UAAUC,MAAV,KAAqBC,YAAYE,OAAnF,EAA4F;AACxFP,wBAAYpD,KAAZ,CAAkB,wCAAlB;AACA,mBAAO,KAAP;AACH;;AAED,YAAIU,QAAQjB,OAAOc,IAAP,GAAcC,QAAd,CAAuBC,MAAvB,CAA8BC,KAA1C;AAEA,YAAIkD,UAAU3C,GAAG,cAAH,EAAmB,CAAC;AAACL,kBAAM,OAAP;AAAgBC,kBAAMC,SAASC,QAA/B;AAAyCC,mBAAON;AAAhD,SAAD,CAAnB,EAA6E,EAA7E,CAAd;AACA0C,oBAAYpD,KAAZ,CAAkB,0BAA0BE,KAAKC,SAAL,CAAeyD,OAAf,CAA5C;AAEA,YAAIC,OAAOD,QAAQ,CAAR,EAAWC,IAAtB;AACAT,oBAAYpD,KAAZ,CAAkB,UAAU6D,IAA5B,EAvBsD,CAyBtD;;AACA,YAAIA,SAAS,aAAb,EAA4B;AACxBT,wBAAYpD,KAAZ,CAAkB,+BAAlB;AACA,mBAAO,KAAP;AACH,SA7BqD,CA+BtD;;;AACA,YAAI6D,SAAS,OAAT,IAAoBA,SAAS,gBAAjC,EAAmD;AAC/CT,wBAAYpD,KAAZ,CAAkB,yCAAlB;AACA,mBAAO,IAAP;AACH;;AAEDoD,oBAAYpD,KAAZ,CAAkB,6BAA6BuD,UAAUO,aAAzD;AACAV,oBAAYpD,KAAZ,CAAkB,yBAAyBuD,UAAUQ,SAArD,EAtCsD,CAwCtD;;AACA,YAAIF,SAAS,SAAT,KAAuBN,UAAUO,aAAV,KAA4B,WAA5B,IAA2CP,UAAUQ,SAAV,KAAwB,WAA1F,CAAJ,EAA4G;AACxGX,wBAAYpD,KAAZ,CAAkB,6CAAlB;AACA,mBAAO,IAAP;AACH;;AAED,YAAII,IAAIC,EAAJ,CAAOC,WAAP,CAAmBiD,UAAUS,SAA7B,CAAJ,EAA6C;AACzCZ,wBAAYpD,KAAZ,CAAkB,6FAAlB;;AACA,gBAAI6D,SAAS,cAAT,IAA2BA,SAAS,gBAApC,IAAwDA,SAAS,SAAjE,IAA8EA,SAAS,kBAA3F,EAA+G;AAC3GT,4BAAYpD,KAAZ,CAAkB,qHAAlB;AACA,uBAAO,IAAP;AACH;AACJ,SApDqD,CAsDtD;;;AACA,YAAI6D,SAAS,cAAT,KAA4BN,UAAUO,aAAV,KAA4B,UAA5B,IAA0CP,UAAUQ,SAAV,KAAwB,OAA9F,CAAJ,EAA4G;AACxGX,wBAAYpD,KAAZ,CAAkB,oDAAlB;AACA,mBAAO,IAAP;AACH,SA1DqD,CA4DtD;;;AACA,YAAI6D,SAAS,gBAAT,KAA8BN,UAAUO,aAAV,KAA4B,UAA5B,IAA0CP,UAAUQ,SAAV,KAAwB,OAAhG,KAA4GR,UAAUU,IAAV,IAAkB,GAAlI,EAAuI;AACnIb,wBAAYpD,KAAZ,CAAkB,qEAAlB;AACA,mBAAO,IAAP;AACH;;AAEDoD,oBAAYpD,KAAZ,CAAkB,yBAAyBuD,UAAUS,SAArD,EAlEsD,CAoEtD;;AACA,YAAIT,UAAUS,SAAV,KAAwB,aAA5B,EAA2C;AACvCZ,wBAAYpD,KAAZ,CAAkB,+BAAlB;AACA,mBAAO,IAAP;AACH,SAxEqD,CA0EtD;;;AACA,YAAI6D,SAAS,kBAAb,EAAiC;AAC7BT,wBAAYpD,KAAZ,CAAkB,mCAAmCE,KAAKC,SAAL,CAAeO,KAAf,CAArD;AACA0C,wBAAYpD,KAAZ,CAAkB,0CAA0CE,KAAKC,SAAL,CAAeoD,UAAUW,EAAzB,CAA5D;AACA,gBAAIN,UAAU3C,GAAG,yBAAH,EAA8B,CAAC;AAACL,sBAAM,gBAAP;AAAyBC,sBAAMC,SAASC,QAAxC;AAAkDC,uBAAON;AAAzD,aAAD,EAAkE;AAACE,sBAAM,SAAP;AAAkBC,sBAAMC,SAASQ,GAAjC;AAAsCN,uBAAOuC,UAAUW;AAAvD,aAAlE,CAA9B,EAA6J,EAA7J,CAAd;AACAd,wBAAYpD,KAAZ,CAAkB,qCAAqCE,KAAKC,SAAL,CAAeyD,OAAf,CAAvD;;AACA,gBAAIA,QAAQ,CAAR,EAAWf,MAAX,KAAsB,CAA1B,EAA6B;AACzBO,4BAAYpD,KAAZ,CAAkB,uEAAlB;AACA,uBAAO,IAAP;AACH,aAHD,MAGO,IAAI,CAACuD,UAAUY,MAAf,EAAuB;AAC1Bf,4BAAYpD,KAAZ,CAAkB,qGAAlB;AACA,uBAAO,IAAP;AACH;AACJ;;AAEDoD,oBAAYpD,KAAZ,CAAkB,mCAAmC,CAAC6D,SAAS,kBAAV,EAA8BZ,QAA9B,EAArD,EAzFsD,CA2FtD;;AACAG,oBAAYpD,KAAZ,CAAkB,eAAlB;AACA,eAAO,KAAP;AACH;AA/FU,CAAf","file":"/server/StoredProcedures.js.map","sourcesContent":["//Call Sotred Procedure on the database\nvar log = new LoggerServer('StroredProcedure.js', CLL.error);\n\n/*  supportered data types for the Sql.driver\n Bit, BigInt, Decimal ([precision], [scale]), Float, Int, Money, Numeric ([precision], [scale]), SmallInt, SmallMoney, Real, TinyInt\n Char ([length]), NChar ([length]), Text, NText, VarChar ([length]), NVarChar ([length]), Xml\n Time ([scale]), Date, DateTime ,DateTime2 ([scale]), DateTimeOffset ([scale]), SmallDateTime\n UniqueIdentifier\n Binary, VarBinary ([length]), Image\n UDT, Geography, Geometry\n */\n\n/* \n examples of calls\n \n with Input parameters\n var inputs = [{name: \"userName\", type: Sql.driver.NVarChar, value: email}];\n Meteor.call('callStoredProcedure', '[uspGetRole]', inputs, {}, function (error, result) {\n });\n \n without Input parameters\n Meteor.call('callStoredProcedure', '[uspGetRole]', {}, {}, function (error, result) {\n });\n */\n\n//This will add in the current users e-mail address to the SP as a parameter, it's used for verification that the user\n//has permission to run the SP.\nMeteor.methods({\n    AddEmailToSP: function (SPname, inputObject, outputObject, IDParameter) {\n        log.trace(\"AddEmailToSP\");\n\n        log.debug(\"SPname:\" + SPname);\n        log.debug(\"inputObject:\" + JSON.stringify(inputObject));\n        log.debug(\"outputObject:\" + JSON.stringify(outputObject));\n        log.debug(\"IDParameter:\" + JSON.stringify(IDParameter));\n\n        if (typeof inputObject === 'undefined'){\n            inputObject = [];\n        }\n        if (typeof outputObject === 'undefined'){\n            outputObject = [];\n        }\n\n        log.trace('After inputs tests');\n\n        if (!Lib.JS.isUndefined(IDParameter)) {\n            log.trace('IDParameter is not undefined');\n            log.trace('Meteor.user().services.google.email:' + Meteor.user().services.google.email);\n            var email = Meteor.user().services.google.email;\n            log.trace('email:' + email);\n\n            if (!Lib.JS.isUndefined(email)) {\n                log.trace('email is not undefined');\n                inputObject.push({name: IDParameter, type: SQLTypes.NVarChar, value: email});\n            } else {\n                log.error('For ' + SPname + ' the meteor email is not correct.  email:' + email);\n            }\n        } else {\n            log.error('For ' + SPname + ' the IDParameter is not correct.  IDParameter:' + IDParameter);\n        }\n\n        log.trace('Rigth Before SP');\n        return SP(SPname, inputObject, outputObject);\n    }\n});\n\n//Run an SP on the DB and return the data\nfunction SP(SPname, inputObject, outputObject) {\n    log.trace(\"SP\");\n    var errorOccured = false;\n    if (Lib.JS.isSTREmpty(SPname)) {\n        log.error(\"SPname is empty\");\n        log.error(\"SPname:\" + SPname);\n        return \"\";\n    }\n\n    //log.debug(\"SPname:\" + SPname);\n\n    if (typeof inputObject === 'undefined') {\n        log.debug(\"inputObject is undefined\");\n    }\n\n    if (typeof outputObject === 'undefined') {\n        log.debug(\"outputObject is undefined\");\n    }\n\n    var inputCounter = 0;\n    for (inputCounter = 0; inputCounter < inputObject.length; inputCounter++) {\n        log.trace(\"inputObject[inputCounter].name:\" + inputObject[inputCounter].name);\n        log.trace(\"inputObject[inputCounter].type:\" + inputObject[inputCounter].type);\n        log.trace(\"inputObject[inputCounter].value:\" + inputObject[inputCounter].value);\n\n        if (inputObject[inputCounter].type === SQLTypes.Int) {\n            if(Lib.DB.isString(inputObject[inputCounter].value)){\n                inputObject[inputCounter].value = parseInt(inputObject[inputCounter].value)\n            }\n            \n            log.trace(\"check isInt\");\n            if (!Lib.DB.isInt(inputObject[inputCounter].value)) {\n                typeError(inputObject[inputCounter]);\n                errorOccured = true;\n                log.trace(\"check isInt failed\");\n            } else {\n                log.trace(\"check isInt failed\");\n            }\n            inputObject[inputCounter].type = Sql.driver.Int;\n        } else if (inputObject[inputCounter].type === SQLTypes.NVarChar) {\n            log.warn('Test not setup for NVarChar so be careful');\n            inputObject[inputCounter].type = Sql.driver.NVarChar;\n        } else if (inputObject[inputCounter].type === SQLTypes.Bit) {\n            log.warn('Test not setup for Bit so be careful');\n            inputObject[inputCounter].type = Sql.driver.Bit;\n        } else if (inputObject[inputCounter].type === SQLTypes.Date) {\n            if (!Lib.DB.isDate(inputObject[inputCounter].value)) {\n                typeError(inputObject[inputCounter]);\n                errorOccured = true;\n            }\n            inputObject[inputCounter].type = Sql.driver.Date;\n        } else if (inputObject[inputCounter].type === SQLTypes.VarBinary) {\n            log.warn('Test not setup for VarBinary so be careful');\n            inputObject[inputCounter].type = Sql.driver.VarBinary;\n        } else if (inputObject[inputCounter].type === SQLTypes.Decimal) {\n            if(Lib.DB.isString(inputObject[inputCounter].value)){\n                inputObject[inputCounter].value = parseFloat(inputObject[inputCounter].value)\n            }\n            \n            if (!Lib.JS.isDecimal(inputObject[inputCounter].value)) {\n                typeError(inputObject[inputCounter]);\n                errorOccured = true;\n            }\n            inputObject[inputCounter].type = Sql.driver.Decimal;\n        } else if (inputObject[inputCounter].type === SQLTypes.Money) {\n            log.error(\"Checking money\");\n            if(Lib.DB.isString(inputObject[inputCounter].value)){\n                inputObject[inputCounter].value = parseFloat(inputObject[inputCounter].value);\n            }\n            /*if (!Lib.DB.isMoney(inputObject[inputCounter].value)) {\n                typeError(inputObject[inputCounter]);\n                errorOccured = true;\n            }*/\n            inputObject[inputCounter].type = Sql.driver.Money;\n        } else if (inputObject[inputCounter].type === SQLTypes.DateTime) {\n            log.warn('Test not setup for DateTime, use date if possible');\n            inputObject[inputCounter].type = Sql.driver.DateTime;\n        }\n    }\n\n    if (errorOccured) {\n        log.error('SP:'+ SPname + ' failed check errors');\n        return false;\n    }\n\n    var outputCounter = 0;\n    for (outputCounter = 0; outputCounter < outputObject.length; outputCounter++) {\n\n        if (outputObject[outputCounter].type === SQLTypes.Int) {\n            outputObject[outputCounter].type = Sql.driver.Int;\n        } else if (outputObject[outputCounter].type === SQLTypes.NVarChar) {\n            outputObject[outputCounter].type = Sql.driver.NVarChar;\n        } else if (outputObject[outputCounter].type === SQLTypes.Bit) {\n            outputObject[outputCounter].type = Sql.driver.Bit;\n        } else if (outputObject[outputCounter].type === SQLTypes.Date) {\n            outputObject[outputCounter].type = Sql.driver.Date;\n        } else if (outputObject[outputCounter].type === SQLTypes.VarBinary) {\n            outputObject[outputCounter].type = Sql.driver.VarBinary;\n        } else if (outputObject[outputCounter].type === SQLTypes.Decimal) {\n            outputObject[outputCounter].type = Sql.driver.Decimal;\n        } else if (outputObject[inputCounter].type === SQLTypes.DateTime) {\n            outputObject[inputCounter].type = Sql.driver.DateTime;\n        }\n    }\n\n    var SPOptions = {\n        sp: \"[dbo].\" + SPname,\n        inputs: inputObject,\n        outputs: outputObject\n    };\n    log.trace(\"calling SQL:\" + SPname);\n\n    //var result = Sql.sp(SPOptions)[0];\n    \n    try {\n      var result = Sql.sp(SPOptions)[0];\n    } catch (e) {\n        log.error(SPname + \"ERROR:\" + e);\n        throw new Meteor.Error(500, 'Error 500: DB Error', e);\n        return result;\n    }\n\n    \n    log.trace(\"finished calling SQL\");\n    log.trace(\"outputObject:\" + JSON.stringify(outputObject));\n    log.trace(\"result:\" + JSON.stringify(result));\n    return result;\n}\n\nfunction typeError(object) {\n    log.error(object.name + ' type does not match value');\n    log.error('object.type:' + object.type);\n    log.error('object.value:' + object.value);\n    log.error('object.value typeof:' + (typeof object.value).toString());\n}\n\n//basic warpper for the SP function, it validates some of the data and is used for testing.\nMeteor.methods({\n    callStoredProcedure: function (SPname, inputObject, outputObject) {\n        log.trace(\"callStoredProcedure\");\n        if (!Lib.DB.validateSQLInputs(inputObject, log)) {\n            log.error(\"SPname:\" + SPname + \" has failed input validation and was not called\");\n            return \"\";\n        }\n\n        log.debug(\"SPname:\" + SPname);\n        log.debug(\"inputObject:\" + inputObject);\n        log.debug(\"outputObject:\" + outputObject);\n\n        if (typeof inputObject === 'undefined'){\n            inputObject = [];\n        }\n        if (typeof outputObject === 'undefined'){\n            outputObject = [];\n        }\n\n        log.trace(\"callStoredProcedure validation passed\");\n\n        return SP(SPname, inputObject, outputObject);\n    }\n});\n\n\n//This code is user called to determin is user can change the information of an order\n//See the documentation for specifics.\nvar securityLog = new LoggerServer('securty.js', CLL.error);\n\nMeteor.methods({\n    hasWritePermissionToOrder: function (readOnly, orderInfo) {\n        securityLog.trace(\"hasWritePermissionToOrder\");\n        securityLog.trace(\"readOnly:\" + readOnly);\n        securityLog.trace(\"orderInfo:\" + JSON.stringify(orderInfo));\n\n        //if readOnly = true then true (probably becasue of history page)\n        if (readOnly) {\n            securityLog.trace(\"readOnly is true so false\");\n            return false;\n        }\n\n        //if the order has been completed or delted then true\n        if (orderInfo.status === OrderStatus.Completed || orderInfo.status === OrderStatus.Deleted) {\n            securityLog.trace(\"status is completed or delted so false\");\n            return false;\n        }\n\n        var email = Meteor.user().services.google.email;\n\n        var results = SP('[uspGetRole]', [{name: 'email', type: SQLTypes.NVarChar, value: email}], []);\n        securityLog.trace(\"[uspGetRole] results:\" + JSON.stringify(results));\n\n        var role = results[0].role;\n        securityLog.trace(\"role:\" + role);\n\n        //if the user is in the school staff role then false\n        if (role === 'SchoolStaff') {\n            securityLog.trace(\"role is school staff so false\");\n            return false;\n        }\n\n        //If the user is an admin or SEACoordinator then true\n        if (role === 'Admin' || role === 'SEACoordinator') {\n            securityLog.trace(\"role is Admin OR SEACoordinator so true\");\n            return true;\n        }\n\n        securityLog.trace(\"orderInfo.equipmentType:\" + orderInfo.equipmentType);\n        securityLog.trace(\"orderInfo.tableType:\" + orderInfo.tableType);\n\n        //If the user is SEATech and the order is technical then true\n        if (role === 'SEATech' && (orderInfo.equipmentType === 'assistive' || orderInfo.tableType === 'techOrder')) {\n            securityLog.trace(\"role is SEATech and assistive order so true\");\n            return true;\n        }\n\n        if (Lib.JS.isUndefined(orderInfo.requester)) {\n            securityLog.trace(\"orderInfo.requester is Undefined so must be a new request, cannot tell what kind of request\");\n            if (role === 'SEAAdminAsst' || role === 'SEAAdminAsstU8' || role === 'SEATech' || role === 'SpecEdConsultant') {\n                securityLog.trace(\"role === SEAAdminAsst || SEAAdminAsstU8 || SEATech || SpecEdConsultant -> true, new order + these creds equals true\");\n                return true;\n            }\n        }\n\n        //If the user is SEAAdminAsst and the order is non-technical then true\n        if (role === 'SEAAdminAsst' && (orderInfo.equipmentType === 'physical' || orderInfo.tableType === 'order')) {\n            securityLog.trace(\"role is SEAAdminAsst and order is physical so true\");\n            return true;\n        }\n\n        //if the user is SEAAdminAsstU8 and the order ir under $800 and non-technical then true\n        if (role === 'SEAAdminAsstU8' && (orderInfo.equipmentType === 'physical' || orderInfo.tableType === 'order') && orderInfo.cost <= 800) {\n            securityLog.trace(\"role is SEAAdminAsstU8 and order is physical and under $800 so true\");\n            return true;\n        }\n\n        securityLog.trace(\"orderInfo.requester:\" + orderInfo.requester);\n\n        //If the user is the requestor then true\n        if (orderInfo.requester === 'serverEamil') {\n            securityLog.trace(\"user is the requester so true\");\n            return true;\n        }\n\n        //If the user is a SpecEdConsultant and belongs to this school then true\n        if (role === 'SpecEdConsultant') {\n            securityLog.trace(\"[uspIsSchoolConsultant] email:\" + JSON.stringify(email));\n            securityLog.trace(\"[uspIsSchoolConsultant] orderInfo.ID:\" + JSON.stringify(orderInfo.ID));\n            var results = SP('[uspIsSchoolConsultant]', [{name: 'requesterEmail', type: SQLTypes.NVarChar, value: email}, {name: 'orderID', type: SQLTypes.Int, value: orderInfo.ID}], {});\n            securityLog.trace(\"[uspIsSchoolConsultant] results:\" + JSON.stringify(results));\n            if (results[0].result === 1) {\n                securityLog.trace(\"role is SpecEdConsultant and they are in charge of the school so true\");\n                return true;\n            } else if (!orderInfo.isLoad) {\n                securityLog.trace(\"role is SpecEdConsultant and they are creating a new order for a student that is not theirs so true\");\n                return true;\n            }\n        }\n\n        securityLog.trace(\"role === 'SpecEdConsultant' : \" + (role === 'SpecEdConsultant').toString());\n\n        //otherwise true\n        securityLog.trace(\"else so false\");\n        return false;\n    }\n});"]},"hash":"58cfd693d5567f86e60fc353debf8f767737d051"}
