{"metadata":{"usedHelpers":[],"marked":[],"modules":{"imports":[],"exports":{"exported":[],"specifiers":[]}}},"options":{"filename":"/client/main.js","filenameRelative":"/client/main.js","env":{"development":{"plugins":[]}},"retainLines":false,"highlightCode":true,"suppressDeprecationMessages":false,"presets":[],"plugins":[[[],{"polyfill":false}],[[],null],[[],null],[[],{"allowTopLevelThis":true,"strict":false,"loose":true}],[[],null],[[],null],[[],null],[[],null],[[],null],[[],null],[[],null],[[],null],[[],null],[[],null],[[],null],[[],null],[[],null],[[],{"loose":true}],[[],{"loose":true}],[[],null],[[],{"loose":true}],[[],null],[[],null],[[],null],[[],null],[[],null],[[],null],[[],{"loose":true}],[[],null],[[],null],[[],null],[[],null],[[],null],[[],null],[[],null]],"ignore":[],"code":true,"metadata":true,"ast":false,"comments":true,"compact":false,"minified":false,"sourceMap":true,"sourceMaps":true,"sourceMapTarget":"/client/main.js.map","sourceFileName":"/client/main.js","babelrc":false,"sourceType":"module","moduleIds":false,"passPerPreset":false,"parserOpts":false,"generatorOpts":false,"basename":"main"},"ignored":false,"code":"var Template = void 0;\nmodule.import('meteor/templating', {\n    \"Template\": function (v) {\n        Template = v;\n    }\n}, 0);\nvar ReactiveVar = void 0;\nmodule.import('meteor/reactive-var', {\n    \"ReactiveVar\": function (v) {\n        ReactiveVar = v;\n    }\n}, 1);\nmodule.import('./main.html');\nvar SQLResults = new ReactiveArray();\nTemplate.hello.events({\n    'click button': function (event, instance) {\n        var inputs = [{\n            name: \"studentOEN\",\n            type: SQLTypes.NVarChar,\n            value: '999375165'\n        }]; // increment the counter when button is clicked\n\n        Meteor.call('callStoredProcedure', '[uspGetCurrentStudentEquipment]', inputs, {}, 'requesterEmail', function (error, result) {\n            Lib.DB.mapSQLArrays(result, SQLResults);\n        });\n    }\n});\nTemplate.hello.helpers({\n    SQLResults: function () {\n        return SQLResults.toArray();\n    }\n});","ast":null,"map":{"version":3,"sources":["/client/main.js"],"names":["Template","module","import","v","ReactiveVar","SQLResults","ReactiveArray","hello","events","event","instance","inputs","name","type","SQLTypes","NVarChar","value","Meteor","call","error","result","Lib","DB","mapSQLArrays","helpers","toArray"],"mappings":"AAAA,IAAIA,iBAAJ;AAAaC,OAAOC,MAAP,CAAc,mBAAd,EAAkC;AAAC,gBAAW,UAASC,CAAT,EAAW;AAACH,mBAASG,CAAT;AAAW;AAAnC,CAAlC,EAAuE,CAAvE;AAA0E,IAAIC,oBAAJ;AAAgBH,OAAOC,MAAP,CAAc,qBAAd,EAAoC;AAAC,mBAAc,UAASC,CAAT,EAAW;AAACC,sBAAYD,CAAZ;AAAc;AAAzC,CAApC,EAA+E,CAA/E;AAAkFF,OAAOC,MAAP,CAAc,aAAd;AAKzL,IAAIG,aAAa,IAAIC,aAAJ,EAAjB;AAEAN,SAASO,KAAT,CAAeC,MAAf,CAAsB;AACpB,kBADoB,YACLC,KADK,EACEC,QADF,EACY;AAEjC,YAAIC,SAAS,CAAC;AAACC,kBAAM,YAAP;AAAoBC,kBAAMC,SAASC,QAAnC;AAA4CC,mBAAO;AAAnD,SAAD,CAAb,CAFiC,CAI9B;;AACAC,eAAOC,IAAP,CAAY,qBAAZ,EAAmC,iCAAnC,EAAsEP,MAAtE,EAA8E,EAA9E,EAAkF,gBAAlF,EAAoG,UAAUQ,KAAV,EAAiBC,MAAjB,EAAyB;AACzHC,gBAAIC,EAAJ,CAAOC,YAAP,CAAoBH,MAApB,EAA4Bf,UAA5B;AACH,SAFD;AAGD;AATmB,CAAtB;AAYAL,SAASO,KAAT,CAAeiB,OAAf,CAAuB;AACnBnB,gBAAY,YAAY;AACpB,eAAOA,WAAWoB,OAAX,EAAP;AACH;AAHkB,CAAvB","file":"/client/main.js.map","sourcesContent":["import { Template } from 'meteor/templating';\nimport { ReactiveVar } from 'meteor/reactive-var';\n\nimport './main.html';\n\nvar SQLResults = new ReactiveArray();\n\nTemplate.hello.events({\n  'click button'(event, instance) {\n\t  \n\tvar inputs = [{name: \"studentOEN\",type: SQLTypes.NVarChar,value: '999375165'}];\n\t  \n    // increment the counter when button is clicked\n    Meteor.call('callStoredProcedure', '[uspGetCurrentStudentEquipment]', inputs, {}, 'requesterEmail', function (error, result) {\n        Lib.DB.mapSQLArrays(result, SQLResults);\n    });\n  },\n});\n\nTemplate.hello.helpers({\n    SQLResults: function () {\n        return SQLResults.toArray();\n    }\n});"]},"hash":"5aef13e6055fb4fff3100a5dc179599c9ffea53a"}
