{"metadata":{"usedHelpers":[],"marked":[],"modules":{"imports":[],"exports":{"exported":[],"specifiers":[]}}},"options":{"filename":"/lib/1Logger.js","filenameRelative":"/lib/1Logger.js","env":{"development":{"plugins":[]}},"retainLines":false,"highlightCode":true,"suppressDeprecationMessages":false,"presets":[],"plugins":[[[],{"polyfill":false}],[[],null],[[],null],[[],{"allowTopLevelThis":true,"strict":false,"loose":true}],[[],null],[[],null],[[],null],[[],null],[[],null],[[],null],[[],null],[[],null],[[],null],[[],null],[[],null],[[],null],[[],null],[[],{"loose":true}],[[],{"loose":true}],[[],null],[[],{"loose":true}],[[],null],[[],null],[[],null],[[],null],[[],null],[[],null],[[],{"loose":true}],[[],null],[[],null],[[],null],[[],null],[[],null],[[],null],[[],null]],"ignore":[],"code":true,"metadata":true,"ast":false,"comments":true,"compact":false,"minified":false,"sourceMap":true,"sourceMaps":true,"sourceMapTarget":"/lib/1Logger.js.map","sourceFileName":"/lib/1Logger.js","babelrc":false,"sourceType":"module","moduleIds":false,"passPerPreset":false,"parserOpts":false,"generatorOpts":false,"basename":"1Logger"},"ignored":false,"code":"//Logging object, this is used to log informaiton at different levels to the console window on the client side and the\n//console window n the server side.\nvar Const = new function () {\n    this.LogLevel = new function () {\n        this.trace = 0;\n        this.debug = 1;\n        this.info = 2;\n        this.warn = 3;\n        this.error = 4;\n        this.traceOnly = 5;\n        this.debugOnly = 6;\n        this.infoOnly = 7;\n        this.warnOnly = 8;\n        this.off = 9;\n    }();\n}();\nCLL = Const.LogLevel; //Logger used on the client side\n\nLogger = function (fileName, level) {\n    var logLevel = level;\n\n    this.writeToFile = function (fileName, message, logLevel) {\n        Meteor.call('WriteToFile', fileName, message, logLevel, function (error) {\n            if (typeof error !== 'undefined') {\n                console.log('%c Error: [Logger]: cannot write to log file', 'color:red');\n            }\n        });\n    };\n\n    this.trace = function (message) {\n        if (logLevel <= CLL.trace || logLevel === CLL.traceOnly) {\n            console.log('%c Trace: [' + fileName + \"] \" + message, 'color:grey');\n            this.writeToFile(fileName, message, 'trace');\n        }\n    };\n\n    this.debug = function (message) {\n        if (logLevel <= CLL.debug || logLevel === CLL.debugOnly) {\n            console.log('%c Debug: [' + fileName + \"] \" + message, 'color:blue');\n            this.writeToFile(fileName, message, 'debug');\n        }\n    };\n\n    this.info = function (message) {\n        if (logLevel <= CLL.info || logLevel === CLL.infoOnly) {\n            console.log('%c Info: [' + fileName + \"] \" + message, 'color:black');\n            this.writeToFile(fileName, message, 'info');\n        }\n    };\n\n    this.warn = function (message) {\n        if (logLevel <= CLL.warn || logLevel === CLL.warnOnly) {\n            console.log('%c Warn: [' + fileName + \"] \" + message, 'color:#EEC900');\n            this.writeToFile(fileName, message, 'warn');\n        }\n    };\n\n    this.error = function (message) {\n        if (logLevel <= CLL.error) {\n            console.log('%c Error: [' + fileName + \"] \" + message, 'color:red');\n            this.writeToFile(fileName, message, 'error');\n        }\n    };\n\n    this.trace(fileName + ' load');\n}; //Logger used on the server side\n\n\nLoggerServer = function (fileName, level) {\n    var logLevel = level;\n\n    this.writeToFile = function (fileName, message, logLevel) {\n        Meteor.call('WriteToFile', fileName, message, logLevel, function (error) {\n            if (typeof error !== 'undefined') {\n                console.error('\\x1b[31m%s\\x1b[0m', 'Error: [Logger]: cannot write to log file');\n            }\n        });\n    };\n\n    this.trace = function (message) {\n        if (logLevel <= CLL.trace || logLevel === CLL.traceOnly) {\n            console.log('Trace: [' + fileName + \"] \" + message);\n            this.writeToFile(fileName, message, 'trace');\n        }\n    };\n\n    this.debug = function (message) {\n        if (logLevel <= CLL.debug || logLevel === CLL.debugOnly) {\n            console.log('\\x1b[36m%s\\x1b[0m', 'Debug: [' + fileName + \"] \" + message);\n            this.writeToFile(fileName, message, 'debug');\n        }\n    };\n\n    this.info = function (message) {\n        if (logLevel <= CLL.info || logLevel === CLL.infoOnly) {\n            console.info('\\x1b[33m%s\\x1b[0m', 'Info: [' + fileName + \"] \" + message);\n            this.writeToFile(fileName, message, 'info');\n        }\n    };\n\n    this.warn = function (message) {\n        if (logLevel <= CLL.warn || logLevel === CLL.warnOnly) {\n            console.log('\\x1b[32m%s\\x1b[0m', 'Warn: [' + fileName + \"] \" + message);\n            this.writeToFile(fileName, message, 'warn');\n        }\n    };\n\n    this.error = function (message) {\n        if (logLevel <= CLL.error) {\n            console.error('\\x1b[31m%s\\x1b[0m', 'Error: [' + fileName + \"] \" + message);\n            this.writeToFile(fileName, message, 'error');\n        }\n    };\n\n    this.trace(fileName + ' load');\n};\n\nif (Meteor.isServer) {\n    var fs = Npm.require('fs');\n\n    rootAppPath = fs.realpathSync('.'); //console.log(rootAppPath);\n\n    var meteorFolderIndex = 0;\n    meteorFolderIndex = rootAppPath.indexOf('Meteor');\n\n    if (meteorFolderIndex <= 0) {\n        console.error('\\x1b[31m%s\\x1b[0m', 'Error: [WriteToFile]:Meteor Folder not found in rootAppPath');\n        console.error('\\x1b[31m%s\\x1b[0m', 'Error: [WriteToFile]:rootAppPath=' + rootAppPath);\n    }\n\n    var logPath = rootAppPath.substring(0, meteorFolderIndex + 6);\n    logPath = logPath + '\\\\Logs'; //console.log(\"logPath:\" + logPath);\n\n    var meteorAppNameIndex = 0;\n    meteorAppNameIndex = rootAppPath.indexOf('\\\\', meteorFolderIndex + 7);\n\n    if (meteorAppNameIndex <= 0) {\n        console.error('\\x1b[31m%s\\x1b[0m', 'Error: [WriteToFile]:App name cannot be found in rootAppPath');\n        console.error('\\x1b[31m%s\\x1b[0m', 'Error: [WriteToFile]:rootAppPath=' + rootAppPath);\n    }\n\n    var appName = rootAppPath.substring(meteorFolderIndex + 7, meteorAppNameIndex);\n    logPath = logPath + '\\\\' + appName;\n    console.log(\"logPath:\" + logPath);\n\n    if (!fs.existsSync(logPath)) {\n        console.log(\"filePath does not exist, making path\");\n        fs.mkdirSync(logPath);\n    }\n\n    Meteor.methods({\n        WriteToFile: function (fileName, message, logLevel) {\n            return false; //get folder date\n\n            var dateObj = new Date();\n            var month = dateObj.getUTCMonth() + 1; //months from 1-12\n\n            var day = dateObj.getUTCDate();\n            var year = dateObj.getUTCFullYear();\n            var newdate = day + \"_\" + month + \"_\" + year;\n            var time = dateObj.getHours() + ':' + dateObj.getMinutes() + ':' + dateObj.getSeconds();\n            var filePath = logPath + '\\\\' + newdate;\n            console.log(\"filePath:\" + filePath);\n\n            if (!fs.existsSync(filePath)) {\n                console.log(\"filePath does not exist, making path\");\n                fs.mkdirSync(filePath);\n            }\n\n            fileName = fileName.replace('.js', '.txt');\n            fs.appendFileSync(filePath + '\\\\' + fileName, time + ' [' + logLevel + \"]:\" + message + '\\r\\n', 'binary');\n        },\n        LogFile: function (fileName, file, logLevel) {\n            console.log('LogFile'); //get folder date\n\n            var dateObj = new Date();\n            var month = dateObj.getUTCMonth() + 1; //months from 1-12\n\n            var day = dateObj.getUTCDate();\n            var year = dateObj.getUTCFullYear();\n            var newdate = day + \"_\" + month + \"_\" + year;\n            var time = dateObj.getHours() + ':' + dateObj.getMinutes() + ':' + dateObj.getSeconds();\n            var filePath = logPath + '\\\\reports\\\\' + newdate;\n            console.log(\"filePath:\" + filePath);\n            console.log(\"fileName:\" + fileName);\n\n            if (!fs.existsSync(filePath)) {\n                console.log(\"filePath does not exist, making path\");\n                fs.mkdirSync(filePath);\n            }\n\n            fs.writeFile(filePath + '\\\\' + fileName, file, function (err) {\n                if (err) {\n                    return console.log(err);\n                }\n\n                console.log(\"The file was saved!\");\n            });\n        }\n    });\n}","ast":null,"map":{"version":3,"sources":["/lib/1Logger.js"],"names":["Const","LogLevel","trace","debug","info","warn","error","traceOnly","debugOnly","infoOnly","warnOnly","off","CLL","Logger","fileName","level","logLevel","writeToFile","message","Meteor","call","console","log","LoggerServer","isServer","fs","Npm","require","rootAppPath","realpathSync","meteorFolderIndex","indexOf","logPath","substring","meteorAppNameIndex","appName","existsSync","mkdirSync","methods","WriteToFile","dateObj","Date","month","getUTCMonth","day","getUTCDate","year","getUTCFullYear","newdate","time","getHours","getMinutes","getSeconds","filePath","replace","appendFileSync","LogFile","file","writeFile","err"],"mappings":"AAAA;AACA;AAEA,IAAIA,QAAQ,IAAK,YAAY;AACzB,SAAKC,QAAL,GAAgB,IAAK,YAAY;AAC7B,aAAKC,KAAL,GAAa,CAAb;AACA,aAAKC,KAAL,GAAa,CAAb;AACA,aAAKC,IAAL,GAAY,CAAZ;AACA,aAAKC,IAAL,GAAY,CAAZ;AACA,aAAKC,KAAL,GAAa,CAAb;AACA,aAAKC,SAAL,GAAiB,CAAjB;AACA,aAAKC,SAAL,GAAiB,CAAjB;AACA,aAAKC,QAAL,GAAgB,CAAhB;AACA,aAAKC,QAAL,GAAgB,CAAhB;AACA,aAAKC,GAAL,GAAW,CAAX;AACH,KAXe,EAAhB;AAYH,CAbW,EAAZ;AAeAC,MAAMZ,MAAMC,QAAZ,C,CAEA;;AACAY,SAAS,UAAUC,QAAV,EAAoBC,KAApB,EAA2B;AAChC,QAAIC,WAAWD,KAAf;;AAEA,SAAKE,WAAL,GAAmB,UAAUH,QAAV,EAAoBI,OAApB,EAA6BF,QAA7B,EAAuC;AACtDG,eAAOC,IAAP,CAAY,aAAZ,EAA2BN,QAA3B,EAAqCI,OAArC,EAA8CF,QAA9C,EAAwD,UAAUV,KAAV,EAAiB;AACrE,gBAAI,OAAOA,KAAP,KAAiB,WAArB,EAAkC;AAC9Be,wBAAQC,GAAR,CAAY,8CAAZ,EAA4D,WAA5D;AACH;AACJ,SAJD;AAKH,KAND;;AAQA,SAAKpB,KAAL,GAAa,UAAUgB,OAAV,EAAmB;AAC5B,YAAIF,YAAYJ,IAAIV,KAAhB,IAAyBc,aAAaJ,IAAIL,SAA9C,EAAyD;AACrDc,oBAAQC,GAAR,CAAY,gBAAgBR,QAAhB,GAA2B,IAA3B,GAAkCI,OAA9C,EAAuD,YAAvD;AACA,iBAAKD,WAAL,CAAiBH,QAAjB,EAA2BI,OAA3B,EAAoC,OAApC;AACH;AACJ,KALD;;AAMA,SAAKf,KAAL,GAAa,UAAUe,OAAV,EAAmB;AAC5B,YAAIF,YAAYJ,IAAIT,KAAhB,IAAyBa,aAAaJ,IAAIJ,SAA9C,EAAyD;AACrDa,oBAAQC,GAAR,CAAY,gBAAgBR,QAAhB,GAA2B,IAA3B,GAAkCI,OAA9C,EAAuD,YAAvD;AACA,iBAAKD,WAAL,CAAiBH,QAAjB,EAA2BI,OAA3B,EAAoC,OAApC;AACH;AACJ,KALD;;AAMA,SAAKd,IAAL,GAAY,UAAUc,OAAV,EAAmB;AAC3B,YAAIF,YAAYJ,IAAIR,IAAhB,IAAwBY,aAAaJ,IAAIH,QAA7C,EAAuD;AACnDY,oBAAQC,GAAR,CAAY,eAAeR,QAAf,GAA0B,IAA1B,GAAiCI,OAA7C,EAAsD,aAAtD;AACA,iBAAKD,WAAL,CAAiBH,QAAjB,EAA2BI,OAA3B,EAAoC,MAApC;AACH;AACJ,KALD;;AAMA,SAAKb,IAAL,GAAY,UAAUa,OAAV,EAAmB;AAC3B,YAAIF,YAAYJ,IAAIP,IAAhB,IAAwBW,aAAaJ,IAAIF,QAA7C,EAAuD;AACnDW,oBAAQC,GAAR,CAAY,eAAeR,QAAf,GAA0B,IAA1B,GAAiCI,OAA7C,EAAsD,eAAtD;AACA,iBAAKD,WAAL,CAAiBH,QAAjB,EAA2BI,OAA3B,EAAoC,MAApC;AACH;AACJ,KALD;;AAMA,SAAKZ,KAAL,GAAa,UAAUY,OAAV,EAAmB;AAC5B,YAAIF,YAAYJ,IAAIN,KAApB,EAA2B;AACvBe,oBAAQC,GAAR,CAAY,gBAAgBR,QAAhB,GAA2B,IAA3B,GAAkCI,OAA9C,EAAuD,WAAvD;AACA,iBAAKD,WAAL,CAAiBH,QAAjB,EAA2BI,OAA3B,EAAoC,OAApC;AACH;AACJ,KALD;;AAMA,SAAKhB,KAAL,CAAWY,WAAW,OAAtB;AACH,CA1CD,C,CA4CA;;;AACAS,eAAe,UAAUT,QAAV,EAAoBC,KAApB,EAA2B;AACtC,QAAIC,WAAWD,KAAf;;AACA,SAAKE,WAAL,GAAmB,UAAUH,QAAV,EAAoBI,OAApB,EAA6BF,QAA7B,EAAuC;AACtDG,eAAOC,IAAP,CAAY,aAAZ,EAA2BN,QAA3B,EAAqCI,OAArC,EAA8CF,QAA9C,EAAwD,UAAUV,KAAV,EAAiB;AACrE,gBAAI,OAAOA,KAAP,KAAiB,WAArB,EAAkC;AAC9Be,wBAAQf,KAAR,CAAc,mBAAd,EAAmC,2CAAnC;AACH;AACJ,SAJD;AAKH,KAND;;AAQA,SAAKJ,KAAL,GAAa,UAAUgB,OAAV,EAAmB;AAC5B,YAAIF,YAAYJ,IAAIV,KAAhB,IAAyBc,aAAaJ,IAAIL,SAA9C,EAAyD;AACrDc,oBAAQC,GAAR,CAAY,aAAaR,QAAb,GAAwB,IAAxB,GAA+BI,OAA3C;AACA,iBAAKD,WAAL,CAAiBH,QAAjB,EAA2BI,OAA3B,EAAoC,OAApC;AACH;AACJ,KALD;;AAMA,SAAKf,KAAL,GAAa,UAAUe,OAAV,EAAmB;AAC5B,YAAIF,YAAYJ,IAAIT,KAAhB,IAAyBa,aAAaJ,IAAIJ,SAA9C,EAAyD;AACrDa,oBAAQC,GAAR,CAAY,mBAAZ,EAAiC,aAAaR,QAAb,GAAwB,IAAxB,GAA+BI,OAAhE;AACA,iBAAKD,WAAL,CAAiBH,QAAjB,EAA2BI,OAA3B,EAAoC,OAApC;AACH;AACJ,KALD;;AAMA,SAAKd,IAAL,GAAY,UAAUc,OAAV,EAAmB;AAC3B,YAAIF,YAAYJ,IAAIR,IAAhB,IAAwBY,aAAaJ,IAAIH,QAA7C,EAAuD;AACnDY,oBAAQjB,IAAR,CAAa,mBAAb,EAAkC,YAAYU,QAAZ,GAAuB,IAAvB,GAA8BI,OAAhE;AACA,iBAAKD,WAAL,CAAiBH,QAAjB,EAA2BI,OAA3B,EAAoC,MAApC;AACH;AACJ,KALD;;AAMA,SAAKb,IAAL,GAAY,UAAUa,OAAV,EAAmB;AAC3B,YAAIF,YAAYJ,IAAIP,IAAhB,IAAwBW,aAAaJ,IAAIF,QAA7C,EAAuD;AACnDW,oBAAQC,GAAR,CAAY,mBAAZ,EAAiC,YAAYR,QAAZ,GAAuB,IAAvB,GAA8BI,OAA/D;AACA,iBAAKD,WAAL,CAAiBH,QAAjB,EAA2BI,OAA3B,EAAoC,MAApC;AACH;AACJ,KALD;;AAMA,SAAKZ,KAAL,GAAa,UAAUY,OAAV,EAAmB;AAC5B,YAAIF,YAAYJ,IAAIN,KAApB,EAA2B;AACvBe,oBAAQf,KAAR,CAAc,mBAAd,EAAmC,aAAaQ,QAAb,GAAwB,IAAxB,GAA+BI,OAAlE;AACA,iBAAKD,WAAL,CAAiBH,QAAjB,EAA2BI,OAA3B,EAAoC,OAApC;AACH;AACJ,KALD;;AAMA,SAAKhB,KAAL,CAAWY,WAAW,OAAtB;AACH,CAzCD;;AA2CA,IAAIK,OAAOK,QAAX,EAAqB;AACjB,QAAIC,KAAKC,IAAIC,OAAJ,CAAY,IAAZ,CAAT;;AACAC,kBAAcH,GAAGI,YAAH,CAAgB,GAAhB,CAAd,CAFiB,CAIjB;;AACA,QAAIC,oBAAoB,CAAxB;AACAA,wBAAoBF,YAAYG,OAAZ,CAAoB,QAApB,CAApB;;AACA,QAAID,qBAAqB,CAAzB,EAA4B;AACxBT,gBAAQf,KAAR,CAAc,mBAAd,EAAmC,6DAAnC;AACAe,gBAAQf,KAAR,CAAc,mBAAd,EAAmC,sCAAsCsB,WAAzE;AACH;;AACD,QAAII,UAAUJ,YAAYK,SAAZ,CAAsB,CAAtB,EAAyBH,oBAAoB,CAA7C,CAAd;AACAE,cAAUA,UAAU,QAApB,CAZiB,CAajB;;AAEA,QAAIE,qBAAqB,CAAzB;AACAA,yBAAqBN,YAAYG,OAAZ,CAAoB,IAApB,EAA0BD,oBAAoB,CAA9C,CAArB;;AACA,QAAII,sBAAsB,CAA1B,EAA6B;AACzBb,gBAAQf,KAAR,CAAc,mBAAd,EAAmC,8DAAnC;AACAe,gBAAQf,KAAR,CAAc,mBAAd,EAAmC,sCAAsCsB,WAAzE;AACH;;AAED,QAAIO,UAAUP,YAAYK,SAAZ,CAAsBH,oBAAoB,CAA1C,EAA6CI,kBAA7C,CAAd;AACAF,cAAUA,UAAU,IAAV,GAAiBG,OAA3B;AACAd,YAAQC,GAAR,CAAY,aAAaU,OAAzB;;AAEA,QAAI,CAACP,GAAGW,UAAH,CAAcJ,OAAd,CAAL,EAA6B;AACzBX,gBAAQC,GAAR,CAAY,sCAAZ;AACAG,WAAGY,SAAH,CAAaL,OAAb;AACH;;AAEDb,WAAOmB,OAAP,CAAe;AACXC,qBAAa,UAAUzB,QAAV,EAAoBI,OAApB,EAA6BF,QAA7B,EAAuC;AAChD,mBAAO,KAAP,CADgD,CAEhD;;AACA,gBAAIwB,UAAU,IAAIC,IAAJ,EAAd;AACA,gBAAIC,QAAQF,QAAQG,WAAR,KAAwB,CAApC,CAJgD,CAIT;;AACvC,gBAAIC,MAAMJ,QAAQK,UAAR,EAAV;AACA,gBAAIC,OAAON,QAAQO,cAAR,EAAX;AACA,gBAAIC,UAAUJ,MAAM,GAAN,GAAYF,KAAZ,GAAoB,GAApB,GAA0BI,IAAxC;AACA,gBAAIG,OAAOT,QAAQU,QAAR,KAAqB,GAArB,GAA2BV,QAAQW,UAAR,EAA3B,GAAkD,GAAlD,GAAwDX,QAAQY,UAAR,EAAnE;AAEA,gBAAIC,WAAWrB,UAAU,IAAV,GAAiBgB,OAAhC;AACA3B,oBAAQC,GAAR,CAAY,cAAc+B,QAA1B;;AAEA,gBAAI,CAAC5B,GAAGW,UAAH,CAAciB,QAAd,CAAL,EAA8B;AAC1BhC,wBAAQC,GAAR,CAAY,sCAAZ;AACAG,mBAAGY,SAAH,CAAagB,QAAb;AACH;;AAEDvC,uBAAWA,SAASwC,OAAT,CAAiB,KAAjB,EAAwB,MAAxB,CAAX;AACA7B,eAAG8B,cAAH,CAAkBF,WAAW,IAAX,GAAkBvC,QAApC,EAA8CmC,OAAO,IAAP,GAAcjC,QAAd,GAAyB,IAAzB,GAAgCE,OAAhC,GAA0C,MAAxF,EAAgG,QAAhG;AACH,SArBU;AAsBXsC,iBAAS,UAAU1C,QAAV,EAAoB2C,IAApB,EAA0BzC,QAA1B,EAAoC;AACzCK,oBAAQC,GAAR,CAAY,SAAZ,EADyC,CAGzC;;AACA,gBAAIkB,UAAU,IAAIC,IAAJ,EAAd;AACA,gBAAIC,QAAQF,QAAQG,WAAR,KAAwB,CAApC,CALyC,CAKF;;AACvC,gBAAIC,MAAMJ,QAAQK,UAAR,EAAV;AACA,gBAAIC,OAAON,QAAQO,cAAR,EAAX;AACA,gBAAIC,UAAUJ,MAAM,GAAN,GAAYF,KAAZ,GAAoB,GAApB,GAA0BI,IAAxC;AACA,gBAAIG,OAAOT,QAAQU,QAAR,KAAqB,GAArB,GAA2BV,QAAQW,UAAR,EAA3B,GAAkD,GAAlD,GAAwDX,QAAQY,UAAR,EAAnE;AAEA,gBAAIC,WAAWrB,UAAU,aAAV,GAA0BgB,OAAzC;AACA3B,oBAAQC,GAAR,CAAY,cAAc+B,QAA1B;AACAhC,oBAAQC,GAAR,CAAY,cAAcR,QAA1B;;AAEA,gBAAI,CAACW,GAAGW,UAAH,CAAciB,QAAd,CAAL,EAA8B;AAC1BhC,wBAAQC,GAAR,CAAY,sCAAZ;AACAG,mBAAGY,SAAH,CAAagB,QAAb;AACH;;AAED5B,eAAGiC,SAAH,CAAaL,WAAW,IAAX,GAAkBvC,QAA/B,EAAyC2C,IAAzC,EAA+C,UAAUE,GAAV,EAAe;AAC9D,oBAAIA,GAAJ,EAAS;AACL,2BAAOtC,QAAQC,GAAR,CAAYqC,GAAZ,CAAP;AACH;;AAEDtC,wBAAQC,GAAR,CAAY,qBAAZ;AACH,aANG;AAOH;AAjDU,KAAf;AAmDH","file":"/lib/1Logger.js.map","sourcesContent":["//Logging object, this is used to log informaiton at different levels to the console window on the client side and the\n//console window n the server side.\n\nvar Const = new (function () {\n    this.LogLevel = new (function () {\n        this.trace = 0;\n        this.debug = 1;\n        this.info = 2;\n        this.warn = 3;\n        this.error = 4;\n        this.traceOnly = 5;\n        this.debugOnly = 6;\n        this.infoOnly = 7;\n        this.warnOnly = 8;\n        this.off = 9;\n    })();\n})();\n\nCLL = Const.LogLevel;\n\n//Logger used on the client side\nLogger = function (fileName, level) {\n    var logLevel = level;\n\n    this.writeToFile = function (fileName, message, logLevel) {\n        Meteor.call('WriteToFile', fileName, message, logLevel, function (error) {\n            if (typeof error !== 'undefined') {\n                console.log('%c Error: [Logger]: cannot write to log file', 'color:red');\n            }\n        });\n    };\n\n    this.trace = function (message) {\n        if (logLevel <= CLL.trace || logLevel === CLL.traceOnly) {\n            console.log('%c Trace: [' + fileName + \"] \" + message, 'color:grey');\n            this.writeToFile(fileName, message, 'trace');\n        }\n    };\n    this.debug = function (message) {\n        if (logLevel <= CLL.debug || logLevel === CLL.debugOnly) {\n            console.log('%c Debug: [' + fileName + \"] \" + message, 'color:blue');\n            this.writeToFile(fileName, message, 'debug');\n        }\n    };\n    this.info = function (message) {\n        if (logLevel <= CLL.info || logLevel === CLL.infoOnly) {\n            console.log('%c Info: [' + fileName + \"] \" + message, 'color:black');\n            this.writeToFile(fileName, message, 'info');\n        }\n    };\n    this.warn = function (message) {\n        if (logLevel <= CLL.warn || logLevel === CLL.warnOnly) {\n            console.log('%c Warn: [' + fileName + \"] \" + message, 'color:#EEC900');\n            this.writeToFile(fileName, message, 'warn');\n        }\n    };\n    this.error = function (message) {\n        if (logLevel <= CLL.error) {\n            console.log('%c Error: [' + fileName + \"] \" + message, 'color:red');\n            this.writeToFile(fileName, message, 'error');\n        }\n    };\n    this.trace(fileName + ' load');\n};\n\n//Logger used on the server side\nLoggerServer = function (fileName, level) {\n    var logLevel = level;\n    this.writeToFile = function (fileName, message, logLevel) {\n        Meteor.call('WriteToFile', fileName, message, logLevel, function (error) {\n            if (typeof error !== 'undefined') {\n                console.error('\\x1b[31m%s\\x1b[0m', 'Error: [Logger]: cannot write to log file');\n            }\n        });\n    };\n\n    this.trace = function (message) {\n        if (logLevel <= CLL.trace || logLevel === CLL.traceOnly) {\n            console.log('Trace: [' + fileName + \"] \" + message);\n            this.writeToFile(fileName, message, 'trace');\n        }\n    };\n    this.debug = function (message) {\n        if (logLevel <= CLL.debug || logLevel === CLL.debugOnly) {\n            console.log('\\x1b[36m%s\\x1b[0m', 'Debug: [' + fileName + \"] \" + message);\n            this.writeToFile(fileName, message, 'debug');\n        }\n    };\n    this.info = function (message) {\n        if (logLevel <= CLL.info || logLevel === CLL.infoOnly) {\n            console.info('\\x1b[33m%s\\x1b[0m', 'Info: [' + fileName + \"] \" + message);\n            this.writeToFile(fileName, message, 'info');\n        }\n    };\n    this.warn = function (message) {\n        if (logLevel <= CLL.warn || logLevel === CLL.warnOnly) {\n            console.log('\\x1b[32m%s\\x1b[0m', 'Warn: [' + fileName + \"] \" + message);\n            this.writeToFile(fileName, message, 'warn');\n        }\n    };\n    this.error = function (message) {\n        if (logLevel <= CLL.error) {\n            console.error('\\x1b[31m%s\\x1b[0m', 'Error: [' + fileName + \"] \" + message);\n            this.writeToFile(fileName, message, 'error');\n        }\n    };\n    this.trace(fileName + ' load');\n};\n\nif (Meteor.isServer) {\n    var fs = Npm.require('fs');\n    rootAppPath = fs.realpathSync('.');\n\n    //console.log(rootAppPath);\n    var meteorFolderIndex = 0;\n    meteorFolderIndex = rootAppPath.indexOf('Meteor');\n    if (meteorFolderIndex <= 0) {\n        console.error('\\x1b[31m%s\\x1b[0m', 'Error: [WriteToFile]:Meteor Folder not found in rootAppPath');\n        console.error('\\x1b[31m%s\\x1b[0m', 'Error: [WriteToFile]:rootAppPath=' + rootAppPath);\n    }\n    var logPath = rootAppPath.substring(0, meteorFolderIndex + 6);\n    logPath = logPath + '\\\\Logs';\n    //console.log(\"logPath:\" + logPath);\n\n    var meteorAppNameIndex = 0;\n    meteorAppNameIndex = rootAppPath.indexOf('\\\\', meteorFolderIndex + 7);\n    if (meteorAppNameIndex <= 0) {\n        console.error('\\x1b[31m%s\\x1b[0m', 'Error: [WriteToFile]:App name cannot be found in rootAppPath');\n        console.error('\\x1b[31m%s\\x1b[0m', 'Error: [WriteToFile]:rootAppPath=' + rootAppPath);\n    }\n\n    var appName = rootAppPath.substring(meteorFolderIndex + 7, meteorAppNameIndex);\n    logPath = logPath + '\\\\' + appName;\n    console.log(\"logPath:\" + logPath);\n\n    if (!fs.existsSync(logPath)) {\n        console.log(\"filePath does not exist, making path\");\n        fs.mkdirSync(logPath);\n    }\n\n    Meteor.methods({\n        WriteToFile: function (fileName, message, logLevel) {\n            return false;\n            //get folder date\n            var dateObj = new Date();\n            var month = dateObj.getUTCMonth() + 1; //months from 1-12\n            var day = dateObj.getUTCDate();\n            var year = dateObj.getUTCFullYear();\n            var newdate = day + \"_\" + month + \"_\" + year;\n            var time = dateObj.getHours() + ':' + dateObj.getMinutes() + ':' + dateObj.getSeconds();\n\n            var filePath = logPath + '\\\\' + newdate;\n            console.log(\"filePath:\" + filePath);\n\n            if (!fs.existsSync(filePath)) {\n                console.log(\"filePath does not exist, making path\");\n                fs.mkdirSync(filePath);\n            }\n\n            fileName = fileName.replace('.js', '.txt');\n            fs.appendFileSync(filePath + '\\\\' + fileName, time + ' [' + logLevel + \"]:\" + message + '\\r\\n', 'binary');\n        },\n        LogFile: function (fileName, file, logLevel) {\n            console.log('LogFile');\n            \n            //get folder date\n            var dateObj = new Date();\n            var month = dateObj.getUTCMonth() + 1; //months from 1-12\n            var day = dateObj.getUTCDate();\n            var year = dateObj.getUTCFullYear();\n            var newdate = day + \"_\" + month + \"_\" + year;\n            var time = dateObj.getHours() + ':' + dateObj.getMinutes() + ':' + dateObj.getSeconds();\n\n            var filePath = logPath + '\\\\reports\\\\' + newdate;\n            console.log(\"filePath:\" + filePath);\n            console.log(\"fileName:\" + fileName);\n\n            if (!fs.existsSync(filePath)) {\n                console.log(\"filePath does not exist, making path\");\n                fs.mkdirSync(filePath);\n            }\n\n            fs.writeFile(filePath + '\\\\' + fileName, file, function (err) {\n            if (err) {\n                return console.log(err);\n            }\n\n            console.log(\"The file was saved!\");\n        });\n        }\n    });\n}"]},"hash":"7fcb14d739885a819ba8906d9b43b75ad75614d1"}
