{"metadata":{"usedHelpers":[],"marked":[],"modules":{"imports":[],"exports":{"exported":[],"specifiers":[]}}},"options":{"filename":"/lib/Const.js","filenameRelative":"/lib/Const.js","env":{"development":{"plugins":[]}},"retainLines":false,"highlightCode":true,"suppressDeprecationMessages":false,"presets":[],"plugins":[[[],{"polyfill":false}],[[],null],[[],null],[[],{"allowTopLevelThis":true,"strict":false,"loose":true}],[[],null],[[],null],[[],null],[[],null],[[],null],[[],null],[[],null],[[],null],[[],null],[[],null],[[],null],[[],null],[[],null],[[],{"loose":true}],[[],{"loose":true}],[[],null],[[],{"loose":true}],[[],null],[[],null],[[],null],[[],null],[[],null],[[],null],[[],{"loose":true}],[[],null],[[],null],[[],null],[[],null],[[],null],[[],null],[[],null]],"ignore":[],"code":true,"metadata":true,"ast":false,"comments":true,"compact":false,"minified":false,"sourceMap":true,"sourceMaps":true,"sourceMapTarget":"/lib/Const.js.map","sourceFileName":"/lib/Const.js","babelrc":false,"sourceType":"module","moduleIds":false,"passPerPreset":false,"parserOpts":false,"generatorOpts":false,"basename":"Const"},"ignored":false,"code":"//Constant values\n//\n//Sql Types list\nSQLTypes = {};\nSQLTypes.Int = 0;\nSQLTypes.NVarChar = 1;\nSQLTypes.Bit = 2;\nSQLTypes.Date = 3;\nSQLTypes.VarBinary = 4;\nSQLTypes.File = 5;\nSQLTypes.Decimal = 6;\nSQLTypes.Money = 7;\nSQLTypes.DateTime = 8;","ast":null,"map":{"version":3,"sources":["/lib/Const.js"],"names":["SQLTypes","Int","NVarChar","Bit","Date","VarBinary","File","Decimal","Money","DateTime"],"mappings":"AAAA;AACA;AACA;AACAA,WAAW,EAAX;AACAA,SAASC,GAAT,GAAe,CAAf;AACAD,SAASE,QAAT,GAAoB,CAApB;AACAF,SAASG,GAAT,GAAe,CAAf;AACAH,SAASI,IAAT,GAAgB,CAAhB;AACAJ,SAASK,SAAT,GAAqB,CAArB;AACAL,SAASM,IAAT,GAAgB,CAAhB;AACAN,SAASO,OAAT,GAAmB,CAAnB;AACAP,SAASQ,KAAT,GAAiB,CAAjB;AACAR,SAASS,QAAT,GAAoB,CAApB","file":"/lib/Const.js.map","sourcesContent":["//Constant values\n//\n//Sql Types list\nSQLTypes = {};\nSQLTypes.Int = 0;\nSQLTypes.NVarChar = 1;\nSQLTypes.Bit = 2;\nSQLTypes.Date = 3;\nSQLTypes.VarBinary = 4;\nSQLTypes.File = 5;\nSQLTypes.Decimal = 6;\nSQLTypes.Money = 7;\nSQLTypes.DateTime = 8;"]},"hash":"80fa0ddbf15b7109800b047f2205addef9aff33e"}
