{"metadata":{"usedHelpers":[],"marked":[],"modules":{"imports":[],"exports":{"exported":[],"specifiers":[]}}},"options":{"filename":"/lib/Const.js","filenameRelative":"/lib/Const.js","env":{"development":{"plugins":[]}},"retainLines":false,"highlightCode":true,"suppressDeprecationMessages":false,"presets":[],"plugins":[[[],{"polyfill":false}],[[],null],[[],null],[[],{"allowTopLevelThis":true,"strict":false,"loose":true}],[[],null],[[],null],[[],null],[[],null],[[],null],[[],null],[[],null],[[],null],[[],null],[[],null],[[],null],[[],null],[[],null],[[],{"loose":true}],[[],{"loose":true}],[[],null],[[],{"loose":true}],[[],null],[[],null],[[],null],[[],null],[[],null],[[],null],[[],{"loose":true}],[[],null],[[],null],[[],null],[[],null],[[],null],[[],null],[[],null]],"ignore":[],"code":true,"metadata":true,"ast":false,"comments":true,"compact":false,"minified":false,"sourceMap":true,"sourceMaps":true,"sourceMapTarget":"/lib/Const.js.map","sourceFileName":"/lib/Const.js","babelrc":false,"sourceType":"module","moduleIds":false,"passPerPreset":false,"parserOpts":false,"generatorOpts":false,"basename":"Const"},"ignored":false,"code":"//Constant values\n//\n//Sql Types list\nSQLTypes = {};\nSQLTypes.Int = 0;\nSQLTypes.NVarChar = 1;\nSQLTypes.Bit = 2;\nSQLTypes.Date = 3;\nSQLTypes.VarBinary = 4;\nSQLTypes.File = 5;\nSQLTypes.Decimal = 6;\nSQLTypes.Money = 7;\nSQLTypes.DateTime = 8; //Days to load in history\n\nHistory = {};\nHistory.DaysToLoad = -30; //Sql Types list\n\nFilePurpose = {};\nFilePurpose.Quote = 1;\nFilePurpose.Assessment = 2;\nListActions = {};\nListActions.Add = 1;\nListActions.Delete = 2;\nListActions.Change = 3;\nFileActions = {};\nFileActions.Delete = 1;\nFileActions.Add = 2;\nOrderStatus = {};\nOrderStatus.Requested = 1;\nOrderStatus.Approved = 2;\nOrderStatus.Completed = 3;\nOrderStatus.InReview = 4;\nOrderStatus.PendingFinalApproval = 5;\nOrderStatus.HasFinalApproval = 6;\nOrderStatus.History = 7;\nOrderStatus.Deleted = 8;\nOrderStatus.InProgress = 9;\nOrderStatus.Placed = 10;\nLists = {};\nLists.Hardware = 1;\nLists.Software = 2;\nLists.TechEquipment = 3;\nLists.TrainingEmail = 4;\nLists.TechEmail = 5;\nLists.Equipment = 6;\nLists.Vendors = 7;\nLists.Exectionality = 8;\nLists.PlacementType = 9;\nLists.EquipmentType = 10;\nModalSizes = {};\nModalSizes.Default = '';\nModalSizes.Huge = 'huge-dialog';\nModalSizes.Large = 'large-dialog';\nSystemValues = {};\nSystemValues.messageTiming = 10000;","ast":null,"map":{"version":3,"sources":["/lib/Const.js"],"names":["SQLTypes","Int","NVarChar","Bit","Date","VarBinary","File","Decimal","Money","DateTime","History","DaysToLoad","FilePurpose","Quote","Assessment","ListActions","Add","Delete","Change","FileActions","OrderStatus","Requested","Approved","Completed","InReview","PendingFinalApproval","HasFinalApproval","Deleted","InProgress","Placed","Lists","Hardware","Software","TechEquipment","TrainingEmail","TechEmail","Equipment","Vendors","Exectionality","PlacementType","EquipmentType","ModalSizes","Default","Huge","Large","SystemValues","messageTiming"],"mappings":"AAAA;AACA;AACA;AACAA,WAAW,EAAX;AACAA,SAASC,GAAT,GAAe,CAAf;AACAD,SAASE,QAAT,GAAoB,CAApB;AACAF,SAASG,GAAT,GAAe,CAAf;AACAH,SAASI,IAAT,GAAgB,CAAhB;AACAJ,SAASK,SAAT,GAAqB,CAArB;AACAL,SAASM,IAAT,GAAgB,CAAhB;AACAN,SAASO,OAAT,GAAmB,CAAnB;AACAP,SAASQ,KAAT,GAAiB,CAAjB;AACAR,SAASS,QAAT,GAAoB,CAApB,C,CAEA;;AACAC,UAAU,EAAV;AACAA,QAAQC,UAAR,GAAqB,CAAC,EAAtB,C,CAEA;;AACAC,cAAc,EAAd;AACAA,YAAYC,KAAZ,GAAoB,CAApB;AACAD,YAAYE,UAAZ,GAAyB,CAAzB;AAEAC,cAAc,EAAd;AACAA,YAAYC,GAAZ,GAAkB,CAAlB;AACAD,YAAYE,MAAZ,GAAqB,CAArB;AACAF,YAAYG,MAAZ,GAAqB,CAArB;AAEAC,cAAc,EAAd;AACAA,YAAYF,MAAZ,GAAqB,CAArB;AACAE,YAAYH,GAAZ,GAAkB,CAAlB;AAEAI,cAAc,EAAd;AACAA,YAAYC,SAAZ,GAAwB,CAAxB;AACAD,YAAYE,QAAZ,GAAuB,CAAvB;AACAF,YAAYG,SAAZ,GAAwB,CAAxB;AACAH,YAAYI,QAAZ,GAAuB,CAAvB;AACAJ,YAAYK,oBAAZ,GAAmC,CAAnC;AACAL,YAAYM,gBAAZ,GAA+B,CAA/B;AACAN,YAAYV,OAAZ,GAAsB,CAAtB;AACAU,YAAYO,OAAZ,GAAsB,CAAtB;AACAP,YAAYQ,UAAZ,GAAyB,CAAzB;AACAR,YAAYS,MAAZ,GAAqB,EAArB;AAEAC,QAAQ,EAAR;AACAA,MAAMC,QAAN,GAAiB,CAAjB;AACAD,MAAME,QAAN,GAAiB,CAAjB;AACAF,MAAMG,aAAN,GAAsB,CAAtB;AACAH,MAAMI,aAAN,GAAsB,CAAtB;AACAJ,MAAMK,SAAN,GAAkB,CAAlB;AACAL,MAAMM,SAAN,GAAkB,CAAlB;AACAN,MAAMO,OAAN,GAAgB,CAAhB;AACAP,MAAMQ,aAAN,GAAsB,CAAtB;AACAR,MAAMS,aAAN,GAAsB,CAAtB;AACAT,MAAMU,aAAN,GAAsB,EAAtB;AAEAC,aAAa,EAAb;AACAA,WAAWC,OAAX,GAAqB,EAArB;AACAD,WAAWE,IAAX,GAAkB,aAAlB;AACAF,WAAWG,KAAX,GAAmB,cAAnB;AAGAC,eAAe,EAAf;AACAA,aAAaC,aAAb,GAA6B,KAA7B","file":"/lib/Const.js.map","sourcesContent":["//Constant values\n//\n//Sql Types list\nSQLTypes = {};\nSQLTypes.Int = 0;\nSQLTypes.NVarChar = 1;\nSQLTypes.Bit = 2;\nSQLTypes.Date = 3;\nSQLTypes.VarBinary = 4;\nSQLTypes.File = 5;\nSQLTypes.Decimal = 6;\nSQLTypes.Money = 7;\nSQLTypes.DateTime = 8;\n\n//Days to load in history\nHistory = {};\nHistory.DaysToLoad = -30;\n\n//Sql Types list\nFilePurpose = {};\nFilePurpose.Quote = 1;\nFilePurpose.Assessment = 2;\n\nListActions = {};\nListActions.Add = 1;\nListActions.Delete = 2;\nListActions.Change = 3;\n\nFileActions = {};\nFileActions.Delete = 1;\nFileActions.Add = 2;\n\nOrderStatus = {};\nOrderStatus.Requested = 1;\nOrderStatus.Approved = 2;\nOrderStatus.Completed = 3;\nOrderStatus.InReview = 4;\nOrderStatus.PendingFinalApproval = 5;\nOrderStatus.HasFinalApproval = 6;\nOrderStatus.History = 7;\nOrderStatus.Deleted = 8;\nOrderStatus.InProgress = 9;\nOrderStatus.Placed = 10;\n\nLists = {};\nLists.Hardware = 1;\nLists.Software = 2;\nLists.TechEquipment = 3;\nLists.TrainingEmail = 4;\nLists.TechEmail = 5;\nLists.Equipment = 6;\nLists.Vendors = 7;\nLists.Exectionality = 8;\nLists.PlacementType = 9;\nLists.EquipmentType = 10;\n\nModalSizes = {};\nModalSizes.Default = '';\nModalSizes.Huge = 'huge-dialog';\nModalSizes.Large = 'large-dialog';\n\n\nSystemValues = {};\nSystemValues.messageTiming = 10000;"]},"hash":"a23bd1d89197f1299db70265c4dbff1babfe7017"}
