{"metadata":{"usedHelpers":[],"marked":[],"modules":{"imports":[],"exports":{"exported":[],"specifiers":[]}}},"options":{"filename":"/server/LoadFirst/Reports.js","filenameRelative":"/server/LoadFirst/Reports.js","env":{"development":{"plugins":[]}},"retainLines":false,"highlightCode":true,"suppressDeprecationMessages":false,"presets":[],"plugins":[[[],{"polyfill":false}],[[],null],[[],null],[[],{"allowTopLevelThis":true,"strict":false,"loose":true}],[[],null],[[],null],[[],null],[[],null],[[],null],[[],null],[[],null],[[],null],[[],null],[[],null],[[],null],[[],null],[[],null],[[],{"loose":true}],[[],{"loose":true}],[[],null],[[],{"loose":true}],[[],null],[[],null],[[],null],[[],null],[[],null],[[],null],[[],{"loose":true}],[[],null],[[],null],[[],null],[[],null],[[],null],[[],null],[[],null]],"ignore":[],"code":true,"metadata":true,"ast":false,"comments":true,"compact":false,"minified":false,"sourceMap":true,"sourceMaps":true,"sourceMapTarget":"/server/LoadFirst/Reports.js.map","sourceFileName":"/server/LoadFirst/Reports.js","babelrc":false,"sourceType":"module","moduleIds":false,"passPerPreset":false,"parserOpts":false,"generatorOpts":false,"basename":"Reports"},"ignored":false,"code":"//builds csv reports based on data collected from the DB using Stored Procedures\nvar log = new LoggerServer('Reports.js', CLL.error);\nReports = new function () {\n    this.reports = []; //adds a new reports to the reports array\n\n    this.addReport = function (reportName, reportSQLObject) {\n        log.trace('addReport');\n        log.trace('reportName:' + reportName);\n\n        if (Lib.JS.isUndefined(this.reports[reportName])) {\n            this.reports[reportName] = {};\n        }\n\n        this.reports[reportName].reportSQLObject = reportSQLObject;\n        this.reports[reportName].data = {};\n        log.trace('this.reports:' + JSON.stringify(this.reports));\n    }; //runs a report, which involves gatting the data from the DB and stroing it the report object\n\n\n    this.run = function (reportName, inputs) {\n        log.trace('run');\n        log.trace('reportName:' + reportName);\n        inputs = Lib.JS.setDefaultParameter(inputs, []);\n        var report = this.reports[reportName];\n\n        if (Lib.JS.isUndefined(report)) {\n            log.error('reportName:' + reportName + ' does not exists');\n            return false;\n        }\n\n        report.reportSQLObject.inputs = Lib.JS.combineArrays(report.reportSQLObject.inputs, inputs);\n        Lib.DB.handleSQLObject(report.reportSQLObject, report.reportSQLObject.inputs, function (error, result) {\n            if (Lib.JS.logError(log, error)) {}\n\n            log.debug('result:' + JSON.stringify(result));\n            report.data = result;\n        });\n    }; //cehck if a report has been added\n\n\n    this.checkForReport = function (RDOMReport) {\n        log.trace('checkForReport');\n\n        if (!Lib.JS.isUndefined(RDOMReport.serverReportName) && !Lib.JS.isUndefined(this.reports[RDOMReport.serverReportName])) {\n            RDOMReport.added = true;\n        } else {\n            RDOMReport.added = false;\n        }\n\n        return RDOMReport;\n    }; //extract the report data from the reports object.  Server function cannot call asyn methods and still return data (like all async methods) so this\n    //funciton is used instead of a return.  This function will also conver teh SQL data into .csv format\n\n\n    this.getReportData = function (reportName) {\n        log.trace('getReportData');\n        log.trace('reportName:' + reportName);\n\n        if (Lib.JS.isUndefined(this.reports[reportName]) || Lib.JS.isUndefined(this.reports[reportName].data)) {\n            log.error('Cannot find report for ' + reportName);\n            return false;\n        }\n\n        log.trace('results:' + JSON.stringify(results));\n        var results = this.reports[reportName].data; //log.trace('results:' + JSON.stringify(results));\n\n        if (results.length === 0) {\n            log.trace('results.length===0');\n            return '';\n        }\n\n        log.trace('results.length:' + results.length);\n        var data = ''; //setup header\n\n        for (var property in meteorBabelHelpers.sanitizeForInObject(results[0])) {\n            if (data === '') {\n                data = data + '\"' + property + '\"';\n            } else {\n                data = data + ',\"' + property + '\"';\n            }\n        }\n\n        data = data + '\\r\\n';\n\n        for (var rowCounter = 0; rowCounter < results.length; rowCounter++) {\n            var row = results[rowCounter];\n            var rowData = '';\n\n            for (var property in meteorBabelHelpers.sanitizeForInObject(row)) {\n                if (rowData === '') {\n                    rowData = rowData + '\"' + row[property] + '\"';\n                } else {\n                    rowData = rowData + ',\"' + row[property] + '\"';\n                }\n            }\n\n            data = data + rowData + '\\r\\n';\n        }\n\n        data = Lib.JS.replace(data, 'null', '');\n        data = Lib.JS.replace(data, 'NULL', '');\n        log.debug(data);\n        return data;\n    }; //returns the report object for testing\n\n\n    this.getAllReports = function () {\n        return this;\n    }; //add in the reports the system needs\n\n\n    this.addReport('yearEndReport', {\n        SP: '[uspReportYearEnd]',\n        sendUserEmail: true,\n        userEmailColName: 'requesterEmail',\n        inputs: []\n    });\n    this.addReport('schoolsReport', {\n        SP: '[uspReportSchools]',\n        sendUserEmail: true,\n        userEmailColName: 'requesterEmail',\n        inputs: []\n    });\n    this.addReport('totalsReport', {\n        SP: '[uspReportTotals]',\n        sendUserEmail: true,\n        userEmailColName: 'requesterEmail',\n        inputs: []\n    });\n    this.addReport('trainingReport', {\n        SP: '[uspReportWeekTraining]',\n        sendUserEmail: false,\n        inputs: []\n    });\n    this.addReport('altirisReport', {\n        SP: '[uspReportAltiris]',\n        sendUserEmail: false,\n        inputs: []\n    });\n}(); //server method wrappers so the client can accesss this object\n\nMeteor.methods({\n    addReport: function (reportName, reportSQLObject, callback) {\n        return Reports.addReport(reportName, reportSQLObject, callback);\n    }\n});\nMeteor.methods({\n    runReport: function (reportName, inputs) {\n        return Reports.run(reportName, inputs);\n    }\n});\nMeteor.methods({\n    getReport: function (reportName) {\n        return Reports.run(reportName);\n    }\n});\nMeteor.methods({\n    getAllReports: function () {\n        return Reports.getAllReports();\n    }\n});\nMeteor.methods({\n    checkForReport: function (RDOMReport) {\n        return Reports.checkForReport(RDOMReport);\n    }\n});","ast":null,"map":{"version":3,"sources":["/server/LoadFirst/Reports.js"],"names":["log","LoggerServer","CLL","error","Reports","reports","addReport","reportName","reportSQLObject","trace","Lib","JS","isUndefined","data","JSON","stringify","run","inputs","setDefaultParameter","report","combineArrays","DB","handleSQLObject","result","logError","debug","checkForReport","RDOMReport","serverReportName","added","getReportData","results","length","property","rowCounter","row","rowData","replace","getAllReports","SP","sendUserEmail","userEmailColName","Meteor","methods","callback","runReport","getReport"],"mappings":"AAAA;AACA,IAAIA,MAAM,IAAIC,YAAJ,CAAiB,YAAjB,EAA+BC,IAAIC,KAAnC,CAAV;AAEAC,UAAU,IAAK,YAAY;AACvB,SAAKC,OAAL,GAAe,EAAf,CADuB,CAGvB;;AACA,SAAKC,SAAL,GAAiB,UAAUC,UAAV,EAAsBC,eAAtB,EAAuC;AACpDR,YAAIS,KAAJ,CAAU,WAAV;AACAT,YAAIS,KAAJ,CAAU,gBAAgBF,UAA1B;;AACA,YAAIG,IAAIC,EAAJ,CAAOC,WAAP,CAAmB,KAAKP,OAAL,CAAaE,UAAb,CAAnB,CAAJ,EAAkD;AAC9C,iBAAKF,OAAL,CAAaE,UAAb,IAA2B,EAA3B;AACH;;AAED,aAAKF,OAAL,CAAaE,UAAb,EAAyBC,eAAzB,GAA2CA,eAA3C;AACA,aAAKH,OAAL,CAAaE,UAAb,EAAyBM,IAAzB,GAAgC,EAAhC;AACAb,YAAIS,KAAJ,CAAU,kBAAkBK,KAAKC,SAAL,CAAe,KAAKV,OAApB,CAA5B;AACH,KAVD,CAJuB,CAevB;;;AACA,SAAKW,GAAL,GAAW,UAAUT,UAAV,EAAsBU,MAAtB,EAA8B;AACrCjB,YAAIS,KAAJ,CAAU,KAAV;AACAT,YAAIS,KAAJ,CAAU,gBAAgBF,UAA1B;AAEAU,iBAASP,IAAIC,EAAJ,CAAOO,mBAAP,CAA2BD,MAA3B,EAAmC,EAAnC,CAAT;AACA,YAAIE,SAAS,KAAKd,OAAL,CAAaE,UAAb,CAAb;;AAEA,YAAIG,IAAIC,EAAJ,CAAOC,WAAP,CAAmBO,MAAnB,CAAJ,EAAgC;AAC5BnB,gBAAIG,KAAJ,CAAU,gBAAgBI,UAAhB,GAA6B,kBAAvC;AACA,mBAAO,KAAP;AACH;;AAEDY,eAAOX,eAAP,CAAuBS,MAAvB,GAAgCP,IAAIC,EAAJ,CAAOS,aAAP,CAAqBD,OAAOX,eAAP,CAAuBS,MAA5C,EAAoDA,MAApD,CAAhC;AAEAP,YAAIW,EAAJ,CAAOC,eAAP,CAAuBH,OAAOX,eAA9B,EAA+CW,OAAOX,eAAP,CAAuBS,MAAtE,EAA8E,UAAUd,KAAV,EAAiBoB,MAAjB,EAAyB;AACnG,gBAAIb,IAAIC,EAAJ,CAAOa,QAAP,CAAgBxB,GAAhB,EAAqBG,KAArB,CAAJ,EAAiC,CAAE;;AACnCH,gBAAIyB,KAAJ,CAAU,YAAYX,KAAKC,SAAL,CAAeQ,MAAf,CAAtB;AACAJ,mBAAON,IAAP,GAAcU,MAAd;AACH,SAJD;AAKH,KAnBD,CAhBuB,CAoCvB;;;AACA,SAAKG,cAAL,GAAsB,UAAUC,UAAV,EAAsB;AACxC3B,YAAIS,KAAJ,CAAU,gBAAV;;AAEA,YAAI,CAACC,IAAIC,EAAJ,CAAOC,WAAP,CAAmBe,WAAWC,gBAA9B,CAAD,IAAoD,CAAClB,IAAIC,EAAJ,CAAOC,WAAP,CAAmB,KAAKP,OAAL,CAAasB,WAAWC,gBAAxB,CAAnB,CAAzD,EAAwH;AACpHD,uBAAWE,KAAX,GAAmB,IAAnB;AACH,SAFD,MAEO;AACHF,uBAAWE,KAAX,GAAmB,KAAnB;AACH;;AACD,eAAOF,UAAP;AAEH,KAVD,CArCuB,CAgDvB;AACA;;;AACA,SAAKG,aAAL,GAAqB,UAAUvB,UAAV,EAAsB;AACvCP,YAAIS,KAAJ,CAAU,eAAV;AACAT,YAAIS,KAAJ,CAAU,gBAAgBF,UAA1B;;AAEA,YAAIG,IAAIC,EAAJ,CAAOC,WAAP,CAAmB,KAAKP,OAAL,CAAaE,UAAb,CAAnB,KAAgDG,IAAIC,EAAJ,CAAOC,WAAP,CAAmB,KAAKP,OAAL,CAAaE,UAAb,EAAyBM,IAA5C,CAApD,EAAuG;AACnGb,gBAAIG,KAAJ,CAAU,4BAA4BI,UAAtC;AACA,mBAAO,KAAP;AACH;;AAGDP,YAAIS,KAAJ,CAAU,aAAaK,KAAKC,SAAL,CAAegB,OAAf,CAAvB;AAEA,YAAIA,UAAU,KAAK1B,OAAL,CAAaE,UAAb,EAAyBM,IAAvC,CAZuC,CAavC;;AACA,YAAIkB,QAAQC,MAAR,KAAmB,CAAvB,EAA0B;AACtBhC,gBAAIS,KAAJ,CAAU,oBAAV;AACA,mBAAO,EAAP;AACH;;AAEDT,YAAIS,KAAJ,CAAU,oBAAoBsB,QAAQC,MAAtC;AAEA,YAAInB,OAAO,EAAX,CArBuC,CAsBvC;;AACA,aAAK,IAAIoB,QAAT,2CAAqBF,QAAQ,CAAR,CAArB,GAAiC;AAC7B,gBAAIlB,SAAS,EAAb,EAAiB;AACbA,uBAAOA,OAAO,GAAP,GAAaoB,QAAb,GAAwB,GAA/B;AACH,aAFD,MAEO;AACHpB,uBAAOA,OAAO,IAAP,GAAcoB,QAAd,GAAyB,GAAhC;AACH;AACJ;;AACDpB,eAAOA,OAAO,MAAd;;AAEA,aAAK,IAAIqB,aAAa,CAAtB,EAAyBA,aAAaH,QAAQC,MAA9C,EAAsDE,YAAtD,EAAoE;AAChE,gBAAIC,MAAMJ,QAAQG,UAAR,CAAV;AACA,gBAAIE,UAAU,EAAd;;AACA,iBAAK,IAAIH,QAAT,2CAAqBE,GAArB,GAA0B;AACtB,oBAAIC,YAAY,EAAhB,EAAoB;AAChBA,8BAAUA,UAAU,GAAV,GAAgBD,IAAIF,QAAJ,CAAhB,GAAgC,GAA1C;AACH,iBAFD,MAEO;AACHG,8BAAUA,UAAU,IAAV,GAAiBD,IAAIF,QAAJ,CAAjB,GAAiC,GAA3C;AACH;AACJ;;AACDpB,mBAAOA,OAAOuB,OAAP,GAAiB,MAAxB;AACH;;AACDvB,eAAOH,IAAIC,EAAJ,CAAO0B,OAAP,CAAexB,IAAf,EAAqB,MAArB,EAA6B,EAA7B,CAAP;AACAA,eAAOH,IAAIC,EAAJ,CAAO0B,OAAP,CAAexB,IAAf,EAAqB,MAArB,EAA6B,EAA7B,CAAP;AACAb,YAAIyB,KAAJ,CAAUZ,IAAV;AACA,eAAOA,IAAP;AACH,KAhDD,CAlDuB,CAmGvB;;;AACA,SAAKyB,aAAL,GAAqB,YAAY;AAC7B,eAAO,IAAP;AACH,KAFD,CApGuB,CAwGvB;;;AACA,SAAKhC,SAAL,CAAe,eAAf,EAAgC;AAACiC,YAAI,oBAAL;AAA2BC,uBAAe,IAA1C;AAAgDC,0BAAkB,gBAAlE;AAAoFxB,gBAAQ;AAA5F,KAAhC;AACA,SAAKX,SAAL,CAAe,eAAf,EAAgC;AAACiC,YAAI,oBAAL;AAA2BC,uBAAe,IAA1C;AAAgDC,0BAAkB,gBAAlE;AAAoFxB,gBAAQ;AAA5F,KAAhC;AACA,SAAKX,SAAL,CAAe,cAAf,EAA+B;AAACiC,YAAI,mBAAL;AAA0BC,uBAAe,IAAzC;AAA+CC,0BAAkB,gBAAjE;AAAmFxB,gBAAQ;AAA3F,KAA/B;AACA,SAAKX,SAAL,CAAe,gBAAf,EAAiC;AAACiC,YAAI,yBAAL;AAAgCC,uBAAe,KAA/C;AAAsDvB,gBAAQ;AAA9D,KAAjC;AACA,SAAKX,SAAL,CAAe,eAAf,EAAgC;AAACiC,YAAI,oBAAL;AAA2BC,uBAAe,KAA1C;AAAiDvB,gBAAQ;AAAzD,KAAhC;AACH,CA9GS,EAAV,C,CAgHA;;AACAyB,OAAOC,OAAP,CAAe;AACXrC,eAAW,UAAUC,UAAV,EAAsBC,eAAtB,EAAuCoC,QAAvC,EAAiD;AACxD,eAAOxC,QAAQE,SAAR,CAAkBC,UAAlB,EAA8BC,eAA9B,EAA+CoC,QAA/C,CAAP;AACH;AAHU,CAAf;AAKAF,OAAOC,OAAP,CAAe;AACXE,eAAW,UAAUtC,UAAV,EAAsBU,MAAtB,EAA8B;AACrC,eAAOb,QAAQY,GAAR,CAAYT,UAAZ,EAAwBU,MAAxB,CAAP;AACH;AAHU,CAAf;AAKAyB,OAAOC,OAAP,CAAe;AACXG,eAAW,UAAUvC,UAAV,EAAsB;AAC7B,eAAOH,QAAQY,GAAR,CAAYT,UAAZ,CAAP;AACH;AAHU,CAAf;AAKAmC,OAAOC,OAAP,CAAe;AACXL,mBAAe,YAAY;AACvB,eAAOlC,QAAQkC,aAAR,EAAP;AACH;AAHU,CAAf;AAKAI,OAAOC,OAAP,CAAe;AACXjB,oBAAgB,UAAUC,UAAV,EAAsB;AAClC,eAAOvB,QAAQsB,cAAR,CAAuBC,UAAvB,CAAP;AACH;AAHU,CAAf","file":"/server/LoadFirst/Reports.js.map","sourcesContent":["//builds csv reports based on data collected from the DB using Stored Procedures\nvar log = new LoggerServer('Reports.js', CLL.error);\n\nReports = new (function () {\n    this.reports = [];\n    \n    //adds a new reports to the reports array\n    this.addReport = function (reportName, reportSQLObject) {\n        log.trace('addReport');\n        log.trace('reportName:' + reportName);\n        if (Lib.JS.isUndefined(this.reports[reportName])) {\n            this.reports[reportName] = {};\n        }\n\n        this.reports[reportName].reportSQLObject = reportSQLObject;\n        this.reports[reportName].data = {};\n        log.trace('this.reports:' + JSON.stringify(this.reports));\n    };\n    //runs a report, which involves gatting the data from the DB and stroing it the report object\n    this.run = function (reportName, inputs) {\n        log.trace('run');\n        log.trace('reportName:' + reportName);\n\n        inputs = Lib.JS.setDefaultParameter(inputs, []);\n        var report = this.reports[reportName];\n\n        if (Lib.JS.isUndefined(report)) {\n            log.error('reportName:' + reportName + ' does not exists');\n            return false;\n        }\n\n        report.reportSQLObject.inputs = Lib.JS.combineArrays(report.reportSQLObject.inputs, inputs);\n\n        Lib.DB.handleSQLObject(report.reportSQLObject, report.reportSQLObject.inputs, function (error, result) {\n            if (Lib.JS.logError(log, error)) {}\n            log.debug('result:' + JSON.stringify(result));\n            report.data = result;\n        });\n    };\n    //cehck if a report has been added\n    this.checkForReport = function (RDOMReport) {\n        log.trace('checkForReport');\n\n        if (!Lib.JS.isUndefined(RDOMReport.serverReportName) && !Lib.JS.isUndefined(this.reports[RDOMReport.serverReportName])) {\n            RDOMReport.added = true;\n        } else {\n            RDOMReport.added = false;\n        }\n        return RDOMReport;\n\n    };\n    //extract the report data from the reports object.  Server function cannot call asyn methods and still return data (like all async methods) so this\n    //funciton is used instead of a return.  This function will also conver teh SQL data into .csv format\n    this.getReportData = function (reportName) {\n        log.trace('getReportData');\n        log.trace('reportName:' + reportName);\n\n        if (Lib.JS.isUndefined(this.reports[reportName]) || Lib.JS.isUndefined(this.reports[reportName].data)) {\n            log.error('Cannot find report for ' + reportName);\n            return false;\n        }\n\n\n        log.trace('results:' + JSON.stringify(results));\n        \n        var results = this.reports[reportName].data;\n        //log.trace('results:' + JSON.stringify(results));\n        if (results.length === 0) {\n            log.trace('results.length===0');\n            return '';\n        }\n        \n        log.trace('results.length:' + results.length);\n\n        var data = '';\n        //setup header\n        for (var property in results[0]) {\n            if (data === '') {\n                data = data + '\"' + property + '\"';\n            } else {\n                data = data + ',\"' + property + '\"';\n            }\n        }\n        data = data + '\\r\\n';\n\n        for (var rowCounter = 0; rowCounter < results.length; rowCounter++) {\n            var row = results[rowCounter];\n            var rowData = '';\n            for (var property in row) {\n                if (rowData === '') {\n                    rowData = rowData + '\"' + row[property] + '\"';\n                } else {\n                    rowData = rowData + ',\"' + row[property] + '\"';\n                }\n            }\n            data = data + rowData + '\\r\\n';\n        }\n        data = Lib.JS.replace(data, 'null', '');\n        data = Lib.JS.replace(data, 'NULL', '');\n        log.debug(data);\n        return data;\n    };\n    //returns the report object for testing\n    this.getAllReports = function () {\n        return this;\n    };\n\n    //add in the reports the system needs\n    this.addReport('yearEndReport', {SP: '[uspReportYearEnd]', sendUserEmail: true, userEmailColName: 'requesterEmail', inputs: []});\n    this.addReport('schoolsReport', {SP: '[uspReportSchools]', sendUserEmail: true, userEmailColName: 'requesterEmail', inputs: []});\n    this.addReport('totalsReport', {SP: '[uspReportTotals]', sendUserEmail: true, userEmailColName: 'requesterEmail', inputs: []});\n    this.addReport('trainingReport', {SP: '[uspReportWeekTraining]', sendUserEmail: false, inputs: []});\n    this.addReport('altirisReport', {SP: '[uspReportAltiris]', sendUserEmail: false, inputs: []});\n})();\n\n//server method wrappers so the client can accesss this object\nMeteor.methods({\n    addReport: function (reportName, reportSQLObject, callback) {\n        return Reports.addReport(reportName, reportSQLObject, callback);\n    }\n});\nMeteor.methods({\n    runReport: function (reportName, inputs) {\n        return Reports.run(reportName, inputs);\n    }\n});\nMeteor.methods({\n    getReport: function (reportName) {\n        return Reports.run(reportName);\n    }\n});\nMeteor.methods({\n    getAllReports: function () {\n        return Reports.getAllReports();\n    }\n});\nMeteor.methods({\n    checkForReport: function (RDOMReport) {\n        return Reports.checkForReport(RDOMReport);\n    }\n});"]},"hash":"b45c8a0bab92d3479e664722fa5af83934366b36"}
