{"metadata":{"usedHelpers":["typeof","interopRequireDefault"],"marked":[],"modules":{"imports":[],"exports":{"exported":[],"specifiers":[]}}},"options":{"filename":"/lib/DBLib.js","filenameRelative":"/lib/DBLib.js","env":{"development":{"plugins":[]}},"retainLines":false,"highlightCode":true,"suppressDeprecationMessages":false,"presets":[],"plugins":[[[],{"polyfill":false}],[[],null],[[],null],[[],{"allowTopLevelThis":true,"strict":false,"loose":true}],[[],null],[[],null],[[],null],[[],null],[[],null],[[],null],[[],null],[[],null],[[],null],[[],null],[[],null],[[],null],[[],null],[[],{"loose":true}],[[],{"loose":true}],[[],null],[[],{"loose":true}],[[],null],[[],null],[[],null],[[],null],[[],null],[[],null],[[],{"loose":true}],[[],null],[[],null],[[],null],[[],null],[[],null],[[],null],[[],null]],"ignore":[],"code":true,"metadata":true,"ast":false,"comments":true,"compact":false,"minified":false,"sourceMap":true,"sourceMaps":true,"sourceMapTarget":"/lib/DBLib.js.map","sourceFileName":"/lib/DBLib.js","babelrc":false,"sourceType":"module","moduleIds":false,"passPerPreset":false,"parserOpts":false,"generatorOpts":false,"basename":"DBLib"},"ignored":false,"code":"var _typeof2 = require(\"babel-runtime/helpers/typeof\");\n\nvar _typeof3 = _interopRequireDefault(_typeof2);\n\nfunction _interopRequireDefault(obj) { return obj && obj.__esModule ? obj : { \"default\": obj }; }\n\n//A library dedicated to Databse functionality\nvar log = new Logger('Lib.DB.js', CLL.error);\n\nif (typeof Lib === 'undefined') {\n    Lib = {};\n}\n\nLib.DB = {}; /**\n              * This will take todays date and adjust it based on numDaysMod (posative or negative) and \n              * then return a SQL formated date string\n              * \n              * @param numDaysMod {int} The number of days from today to transform\n              * @return {string} Returns SQL formatted date string\n              */\n\nLib.DB.getSQLFormatedDate = function (numDaysMod) {\n    numDaysMod = Lib.JS.setDefaultParameter(numDaysMod, 0);\n    var date = new Date(new Date().getTime() + 24 * 60 * 60 * 1000 * numDaysMod);\n    return date;\n}; /**\u001f\n    * This will take a SQL row and map it to a Reactive Object or normal JS object.  The mapping compare the name of columns in the SQL row\n    * to the properties of the object.  When they match the data is moved over when they don't mtch the data is added as\n    * a new property.  Numbers, Dates, and Boolean values get converted from string to Numbers, Dates, and Booleans.\n    * Null values are turned into empty strings.\n    * \n    * @param SQLRow {Object} The SQL row\n    * @param reactiveObject {Object} The obejct to recived the SQL data\n    * @return {Object} Returns objectTo with added data\n    */\n\nLib.DB.mapSQLObject = function (SQLRow, reactiveObject) {\n    log.trace(\"mapObject\");\n\n    if (Lib.JS.isUndefined(SQLRow)) {\n        return {};\n    }\n\n    for (var property in meteorBabelHelpers.sanitizeForInObject(SQLRow)) {\n        if (SQLRow[property] === null) {\n            reactiveObject[property] = \"\";\n        } else if ($.isArray(SQLRow[property]) && SQLRow[property].length > 0) {\n            log.error(\"error: Stored Procedure has 2 columns with the same name\");\n        } else {\n            if (typeof SQLRow[property] === \"string\") {\n                reactiveObject[property] = SQLRow[property].toString().trim();\n            } else if (typeof SQLRow[property] === \"number\") {\n                reactiveObject[property] = parseInt(SQLRow[property].toString().trim());\n            } else if (typeof SQLRow[property] === \"boolean\") {\n                reactiveObject[property] = SQLRow[property];\n            } else if ($.type(SQLRow[property]) === \"date\") {\n                //if the data is a sql date\n                reactiveObject[property] = Lib.DB.ConvertSQLDate(SQLRow[property]);\n            } else {\n                log.error(\"Data type not handled\");\n                reactiveObject[property] = \"\";\n            }\n        }\n    }\n\n    return reactiveObject;\n}; /**\n    * This will take SQL results with mutliptl row (or 1) and map them to a Reactive Array or noraml array needed.\n    * \n    * @param SQLResults {array} the SQL results\n    * @param reactiveArray {array} the array to move the results to \n    */\n\nLib.DB.mapSQLArrays = function (SQLResults, reactiveArray) {\n    log.trace(\"mapArrays\");\n\n    if (typeof SQLResults === 'undefined') {\n        reactiveArray = {};\n        return true;\n    }\n\n    reactiveArray.length = 0;\n    var arrayCounter = 0;\n\n    for (arrayCounter = 0; arrayCounter < SQLResults.length; arrayCounter++) {\n        var obejct = Lib.DB.mapSQLObject(SQLResults[arrayCounter], SQLResults[arrayCounter]);\n        reactiveArray.push(obejct);\n    }\n}; /**\n    * This will validte a SQL object.  It checks that the SQL Object exists, and that all it's inputs objects have\n    * a name, type and value and that the types match usable options.\n    * \n    * @param SQLObject {object} The SQL Object\n    * @param customLog {string} The logging objec to tuse if their is a problem\n    * @param objectName {string} The name of the SQL object used in the logging\n    * @return {Boolean} Returns true if a valid SQL object, false if not\n    */\n\nLib.DB.validateSQLIO = function (SQLObject, customLog, objectName) {\n    log.trace(\"validateSQLIO\");\n\n    if (Lib.JS.isUndefined(SQLObject) || Object.keys(SQLObject).length === 0) {\n        return true;\n    }\n\n    if (Lib.JS.isUndefined(SQLObject.inputs)) {\n        SQLObject.inputs = [];\n        return true;\n    }\n\n    if (!$.isArray(SQLObject.inputs)) {\n        customLog.error(objectName + \".inputs: is not an array\");\n        return false;\n    }\n\n    var SQLTypeKeys = Object.keys(SQLTypes).map(function (key) {\n        return SQLTypes[key];\n    });\n    var currentInput = {};\n    var inputCounter = 0;\n\n    for (inputCounter = 0; inputCounter < SQLObject.inputs.length; inputCounter++) {\n        //Format: {name: \"\", type: SQLTypes.Int, value: currentRecord.ID}\n        currentInput = SQLObject.inputs[inputCounter];\n\n        if (Lib.JS.isUndefined(currentInput.name)) {\n            customLog.error(objectName + \".inputs: missing name property watch case: \" + JSON.stringify(currentInput) + \"\\n must have the following format: {name: '', type: SQLTypes.Somthing, value: ''}\");\n            return false;\n        }\n\n        if (Lib.JS.isUndefined(currentInput.type)) {\n            customLog.error(objectName + \".inputs: missing type property watch case: \" + JSON.stringify(currentInput) + \"\\n must have the following format: {name: '', type: SQLTypes.Somthing, value: ''}\");\n            return false;\n        }\n\n        if (Lib.JS.isUndefined(currentInput.value)) {\n            customLog.error(objectName + \".inputs: missing value property watch case: \" + JSON.stringify(currentInput) + \"\\n must have the following format: {name: '', type: SQLTypes.Somthing, value: ''}\");\n            return false;\n        }\n\n        if (SQLTypeKeys.indexOf(currentInput.type) < 0) {\n            customLog.error(objectName + \".inputs: type property must use SQLTypes const\");\n            return false;\n        }\n    }\n\n    return true;\n}; /**\n    * This will run a SQL object against the DB.  If checks if the e-mail wrapper is needed and \n    * then call the SP methods on the server.  The callback is called with the results and error objects.\n    * \n    * @param SQLObject {object} The SQL Object\n    * @param inputs {array} The Inputs to use for the SP call\n    * @param callback {function} The function to call when SP calling is complete\n    */\n\nLib.DB.handleSQLObject = function (SQLObject, inputs, callback) {\n    log.trace(\"handleSQLObject\");\n    log.trace(\"SQLObject:\" + JSON.stringify(SQLObject));\n    log.trace(\"inputs:\" + JSON.stringify(inputs));\n    log.trace(\"callback:\" + JSON.stringify(callback));\n\n    if (SQLObject.sendUserEmail) {\n        Meteor.call('AddEmailToSP', SQLObject.SP, inputs, {}, SQLObject.userEmailColName, function (error, result) {\n            if (result === false) {\n                log.error(\"result came back false for:\" + SQLObject.SP + \" check the server for errors\");\n                return false;\n            }\n\n            if (Lib.JS.verifyCallback(callback)) {\n                log.debug(\"Callback exists calling it now\");\n                callback(error, result);\n            } else {\n                log.debug(\"Callback failed\");\n            }\n        });\n    } else {\n        Meteor.call('callStoredProcedure', SQLObject.SP, inputs, {}, function (error, result) {\n            if (Lib.JS.verifyCallback(callback)) {\n                log.debug(\"Callback exists calling it now\");\n                callback(error, result);\n            } else {\n                log.debug(\"Callback failed\");\n            }\n        });\n    }\n}; /**\n    * Converts a SQL formatted date into a dd/mmm/yyyy formated date\n    * \n    * @param date {date} The SQL date\n    * @return date (date) The formated date (dd/mmm/yyyy).\n    */\n\nLib.DB.ConvertSQLDate = function (date) {\n    log.trace(\"GetSQLDate\");\n    log.debug(\"date:\" + date.toString());\n    var monthNum = date.getMonth();\n    var day = date.getUTCDate().toString();\n    var year = date.getFullYear().toString();\n    var months = [\"Jan\", \"Feb\", \"Mar\", \"Apr\", \"May\", \"Jun\", \"Jul\", \"Aug\", \"Sep\", \"Oct\", \"Nov\", \"Dec\"];\n    var monthStr = months[monthNum];\n    var newDate = day + \"/\" + monthStr + \"/\" + year;\n    return newDate;\n}; /**\n    * This will validte a set SQL inputs used for SPs.  It checks that the SQL Object exists, and that all it's inputs objects have\n    * a name, type and value and that the types match usable options.\n    * \n    * @param inputs {array} The SQL Inputs array\n    * @param logger {logger} The logging objec to tuse if their is a problem\n    * @return {Boolean} Returns true if all Inputs are valid, false if not\n    */\n\nLib.DB.validateSQLInputs = function (inputs, logger) {\n    logger.trace(\"validateSQLInputs\"); //each input should have this structure {name: \"ID\", type: SQLTypes.Int, value: 36}\n    //can't use jquery becasue it's called server side, for now jquery is not on meteor server\n\n    var isPass = true;\n\n    if (_.isEmpty(inputs)) {\n        logger.debug(\"inputs are empty\");\n        return true;\n    }\n\n    var inputCounter = 0;\n\n    for (inputCounter = 0; inputCounter < inputs.length; inputCounter++) {\n        if (Lib.JS.isUndefined(inputs[inputCounter].name)) {\n            logger.error(\"inputs[\" + inputCounter + \"] Missing input.name\");\n            isPass = false;\n        }\n\n        if (Lib.JS.isUndefined(inputs[inputCounter].type)) {\n            logger.error(\"inputs[\" + inputCounter + \"]: \" + inputs[inputCounter].title + \"  - Missing input.type\");\n            logger.error(\"inputs.name: \" + inputs[inputCounter].name);\n            isPass = false;\n        }\n\n        if (Lib.JS.isUndefined(inputs[inputCounter].value)) {\n            logger.error(\"inputs[\" + inputCounter + \"]: \" + inputs[inputCounter].title + \"  - Missing input.value\");\n            logger.error(\"inputs.name: \" + inputs[inputCounter].name);\n            isPass = false;\n        }\n    }\n\n    return isPass;\n}; /**\n    * Check if number is an int but works on the server\n    * \n    * @param number {number} The SQL date\n    * @return boolean - true if the number is an int\n    */\n\nLib.DB.isInt = function (number) {\n    log.trace(\"isInt\");\n    log.trace(\"number:\" + number);\n    log.trace(\"number === +number\" + (number === +number).toString());\n    log.trace(\"number === (number | 0)\" + (number === (number | 0)).toString());\n\n    if (number === +number && number === (number | 0)) {\n        log.trace(\"number is an INT\");\n        return true;\n    }\n\n    log.trace(\"number is not an INT\");\n    return false;\n}; /**\n    * Check if number is an decimal but works on the server\n    * \n    * @param number {number} The SQL date\n    * @return boolean - true if the number is an int\n    */\n\nLib.DB.isDecimal = function (number) {\n    log.trace(\"isDecimal\");\n    log.trace(\"number:\" + number);\n    return number === +number && number !== (number | 0);\n    ;\n}; /**\n    * This will check if a date value is a valid date, assuming a / delemiter and 3 integers.\n    * \n    * @param date {date} the date to check\n    * @return {boolean} Returns true if the date is valid, false if not\n    */\n\nLib.DB.isDate = function (date) {\n    log.trace(\"isDate\");\n\n    if (Object.prototype.toString.call(date) === \"[object Date]\") {\n        return true;\n    } else {\n        if (Object.prototype.toString.call(date) === \"[object String]\") {\n            var newDate = new Date(date);\n\n            if (Object.prototype.toString.call(newDate) === \"[object Date]\") {\n                return true;\n            } else {\n                return false;\n            }\n        } else {\n            return false;\n        }\n    }\n\n    return false;\n}; /**\n    * Check if number is an decimal but with only 2 decimal places or an integer\n    * \n    * @param number {number} The SQL date\n    * @return boolean - true if the number is an int\n    */\n\nLib.DB.isMoney = function (number) {\n    log.trace(\"isMoney\");\n    log.trace(\"number:\" + number);\n    log.trace(\" typeofnumber:\" + (typeof number === \"undefined\" ? \"undefined\" : (0, _typeof3.default)(number)).toString());\n\n    if (Lib.DB.isInt(number)) {\n        return true;\n    }\n\n    if (Lib.DB.isDecimal(number)) {\n        if (Lib.DB.countDecimals <= 2) {\n            return true;\n        }\n    }\n\n    return false;\n}; /**\n    * Check if value is a string\n    * \n    * @param value {object} The SQL date\n    * @return boolean - true if the number is an string\n    */\n\nLib.DB.isString = function (value) {\n    log.trace(\"isString\");\n    log.trace(\"value:\" + value);\n\n    if (typeof value === 'string') {\n        log.trace(\"isString = true\");\n        return true;\n    }\n\n    log.trace(\"isString = false\");\n    return false;\n}; /**\n    * Counts the number of decimal places in a number\n    * \n    * @param number {number} The SQL date\n    * @return boolean - true if the number is an int\n    */\n\nLib.DB.countDecimals = function (value) {\n    if (Math.floor(value) !== value) return value.toString().split(\".\")[1].length || 0;\n    return 0;\n};","ast":null,"map":{"version":3,"sources":["/lib/DBLib.js"],"names":["log","Logger","CLL","error","Lib","DB","getSQLFormatedDate","numDaysMod","JS","setDefaultParameter","date","Date","getTime","mapSQLObject","SQLRow","reactiveObject","trace","isUndefined","property","$","isArray","length","toString","trim","parseInt","type","ConvertSQLDate","mapSQLArrays","SQLResults","reactiveArray","arrayCounter","obejct","push","validateSQLIO","SQLObject","customLog","objectName","Object","keys","inputs","SQLTypeKeys","SQLTypes","map","key","currentInput","inputCounter","name","JSON","stringify","value","indexOf","handleSQLObject","callback","sendUserEmail","Meteor","call","SP","userEmailColName","result","verifyCallback","debug","monthNum","getMonth","day","getUTCDate","year","getFullYear","months","monthStr","newDate","validateSQLInputs","logger","isPass","_","isEmpty","title","isInt","number","isDecimal","isDate","prototype","isMoney","countDecimals","isString","Math","floor","split"],"mappings":";;;;;;AAAA;AACA,IAAIA,MAAM,IAAIC,MAAJ,CAAW,WAAX,EAAwBC,IAAIC,KAA5B,CAAV;;AAEA,IAAI,OAAOC,GAAP,KAAe,WAAnB,EAAgC;AAC5BA,UAAM,EAAN;AACH;;AAEDA,IAAIC,EAAJ,GAAS,EAAT,C,CAEA;;;;;;;;AAOAD,IAAIC,EAAJ,CAAOC,kBAAP,GAA4B,UAAUC,UAAV,EAAsB;AAC9CA,iBAAaH,IAAII,EAAJ,CAAOC,mBAAP,CAA2BF,UAA3B,EAAuC,CAAvC,CAAb;AACA,QAAIG,OAAO,IAAIC,IAAJ,CAAS,IAAIA,IAAJ,GAAWC,OAAX,KAAuB,KAAK,EAAL,GAAU,EAAV,GAAe,IAAf,GAAsBL,UAAtD,CAAX;AACA,WAAOG,IAAP;AACH,CAJD,C,CAKA;;;;;;;;;;;AAUAN,IAAIC,EAAJ,CAAOQ,YAAP,GAAsB,UAAUC,MAAV,EAAkBC,cAAlB,EAAkC;AACpDf,QAAIgB,KAAJ,CAAU,WAAV;;AACA,QAAIZ,IAAII,EAAJ,CAAOS,WAAP,CAAmBH,MAAnB,CAAJ,EAAgC;AAC5B,eAAO,EAAP;AACH;;AAED,SAAK,IAAII,QAAT,2CAAqBJ,MAArB,GAA6B;AACzB,YAAIA,OAAOI,QAAP,MAAqB,IAAzB,EAA+B;AAC3BH,2BAAeG,QAAf,IAA2B,EAA3B;AACH,SAFD,MAEO,IAAIC,EAAEC,OAAF,CAAUN,OAAOI,QAAP,CAAV,KAA+BJ,OAAOI,QAAP,EAAiBG,MAAjB,GAA0B,CAA7D,EAAgE;AACnErB,gBAAIG,KAAJ,CAAU,0DAAV;AACH,SAFM,MAEA;AACH,gBAAI,OAAOW,OAAOI,QAAP,CAAP,KAA4B,QAAhC,EAA0C;AACtCH,+BAAeG,QAAf,IAA2BJ,OAAOI,QAAP,EAAiBI,QAAjB,GAA4BC,IAA5B,EAA3B;AACH,aAFD,MAEO,IAAI,OAAOT,OAAOI,QAAP,CAAP,KAA4B,QAAhC,EAA0C;AAC7CH,+BAAeG,QAAf,IAA2BM,SAASV,OAAOI,QAAP,EAAiBI,QAAjB,GAA4BC,IAA5B,EAAT,CAA3B;AACH,aAFM,MAEA,IAAI,OAAOT,OAAOI,QAAP,CAAP,KAA4B,SAAhC,EAA2C;AAC9CH,+BAAeG,QAAf,IAA2BJ,OAAOI,QAAP,CAA3B;AACH,aAFM,MAEA,IAAIC,EAAEM,IAAF,CAAOX,OAAOI,QAAP,CAAP,MAA6B,MAAjC,EAAyC;AAAI;AAChDH,+BAAeG,QAAf,IAA2Bd,IAAIC,EAAJ,CAAOqB,cAAP,CAAsBZ,OAAOI,QAAP,CAAtB,CAA3B;AACH,aAFM,MAEA;AACHlB,oBAAIG,KAAJ,CAAU,uBAAV;AACAY,+BAAeG,QAAf,IAA2B,EAA3B;AACH;AACJ;AACJ;;AACD,WAAOH,cAAP;AACH,CA3BD,C,CA4BA;;;;;;;AAMAX,IAAIC,EAAJ,CAAOsB,YAAP,GAAsB,UAAUC,UAAV,EAAsBC,aAAtB,EAAqC;AACvD7B,QAAIgB,KAAJ,CAAU,WAAV;;AACA,QAAI,OAAOY,UAAP,KAAsB,WAA1B,EAAuC;AACnCC,wBAAgB,EAAhB;AACA,eAAO,IAAP;AACH;;AAEDA,kBAAcR,MAAd,GAAuB,CAAvB;AACA,QAAIS,eAAe,CAAnB;;AAEA,SAAKA,eAAe,CAApB,EAAuBA,eAAeF,WAAWP,MAAjD,EAAyDS,cAAzD,EAAyE;AACrE,YAAIC,SAAS3B,IAAIC,EAAJ,CAAOQ,YAAP,CAAoBe,WAAWE,YAAX,CAApB,EAA8CF,WAAWE,YAAX,CAA9C,CAAb;AACAD,sBAAcG,IAAd,CAAmBD,MAAnB;AACH;AACJ,CAdD,C,CAeA;;;;;;;;;;AASA3B,IAAIC,EAAJ,CAAO4B,aAAP,GAAuB,UAAUC,SAAV,EAAqBC,SAArB,EAAgCC,UAAhC,EAA4C;AAC/DpC,QAAIgB,KAAJ,CAAU,eAAV;;AAEA,QAAIZ,IAAII,EAAJ,CAAOS,WAAP,CAAmBiB,SAAnB,KAAiCG,OAAOC,IAAP,CAAYJ,SAAZ,EAAuBb,MAAvB,KAAkC,CAAvE,EAA0E;AACtE,eAAO,IAAP;AACH;;AAED,QAAIjB,IAAII,EAAJ,CAAOS,WAAP,CAAmBiB,UAAUK,MAA7B,CAAJ,EAA0C;AACtCL,kBAAUK,MAAV,GAAmB,EAAnB;AACA,eAAO,IAAP;AACH;;AAED,QAAI,CAACpB,EAAEC,OAAF,CAAUc,UAAUK,MAApB,CAAL,EAAkC;AAC9BJ,kBAAUhC,KAAV,CAAgBiC,aAAa,0BAA7B;AACA,eAAO,KAAP;AACH;;AAGD,QAAII,cAAcH,OAAOC,IAAP,CAAYG,QAAZ,EAAsBC,GAAtB,CAA0B,UAAUC,GAAV,EAAe;AACvD,eAAOF,SAASE,GAAT,CAAP;AACH,KAFiB,CAAlB;AAGA,QAAIC,eAAe,EAAnB;AACA,QAAIC,eAAe,CAAnB;;AACA,SAAKA,eAAe,CAApB,EAAuBA,eAAeX,UAAUK,MAAV,CAAiBlB,MAAvD,EAA+DwB,cAA/D,EAA+E;AAC3E;AACAD,uBAAeV,UAAUK,MAAV,CAAiBM,YAAjB,CAAf;;AACA,YAAIzC,IAAII,EAAJ,CAAOS,WAAP,CAAmB2B,aAAaE,IAAhC,CAAJ,EAA2C;AACvCX,sBAAUhC,KAAV,CAAgBiC,aAAa,6CAAb,GAA6DW,KAAKC,SAAL,CAAeJ,YAAf,CAA7D,GAA4F,mFAA5G;AACA,mBAAO,KAAP;AACH;;AACD,YAAIxC,IAAII,EAAJ,CAAOS,WAAP,CAAmB2B,aAAanB,IAAhC,CAAJ,EAA2C;AACvCU,sBAAUhC,KAAV,CAAgBiC,aAAa,6CAAb,GAA6DW,KAAKC,SAAL,CAAeJ,YAAf,CAA7D,GAA4F,mFAA5G;AACA,mBAAO,KAAP;AACH;;AACD,YAAIxC,IAAII,EAAJ,CAAOS,WAAP,CAAmB2B,aAAaK,KAAhC,CAAJ,EAA4C;AACxCd,sBAAUhC,KAAV,CAAgBiC,aAAa,8CAAb,GAA8DW,KAAKC,SAAL,CAAeJ,YAAf,CAA9D,GAA6F,mFAA7G;AACA,mBAAO,KAAP;AACH;;AAED,YAAIJ,YAAYU,OAAZ,CAAoBN,aAAanB,IAAjC,IAAyC,CAA7C,EAAgD;AAC5CU,sBAAUhC,KAAV,CAAgBiC,aAAa,gDAA7B;AACA,mBAAO,KAAP;AACH;AACJ;;AACD,WAAO,IAAP;AACH,CA7CD,C,CA8CA;;;;;;;;;AAQAhC,IAAIC,EAAJ,CAAO8C,eAAP,GAAyB,UAAUjB,SAAV,EAAqBK,MAArB,EAA6Ba,QAA7B,EAAuC;AAC5DpD,QAAIgB,KAAJ,CAAU,iBAAV;AACAhB,QAAIgB,KAAJ,CAAU,eAAe+B,KAAKC,SAAL,CAAed,SAAf,CAAzB;AACAlC,QAAIgB,KAAJ,CAAU,YAAY+B,KAAKC,SAAL,CAAeT,MAAf,CAAtB;AACAvC,QAAIgB,KAAJ,CAAU,cAAc+B,KAAKC,SAAL,CAAeI,QAAf,CAAxB;;AAEA,QAAIlB,UAAUmB,aAAd,EAA6B;AACzBC,eAAOC,IAAP,CAAY,cAAZ,EAA4BrB,UAAUsB,EAAtC,EAA0CjB,MAA1C,EAAkD,EAAlD,EAAsDL,UAAUuB,gBAAhE,EAAkF,UAAUtD,KAAV,EAAiBuD,MAAjB,EAAyB;AACvG,gBAAGA,WAAS,KAAZ,EAAkB;AACd1D,oBAAIG,KAAJ,CAAU,gCAAgC+B,UAAUsB,EAA1C,GAA+C,8BAAzD;AACA,uBAAO,KAAP;AACH;;AAED,gBAAIpD,IAAII,EAAJ,CAAOmD,cAAP,CAAsBP,QAAtB,CAAJ,EAAqC;AACjCpD,oBAAI4D,KAAJ,CAAU,gCAAV;AACAR,yBAASjD,KAAT,EAAgBuD,MAAhB;AACH,aAHD,MAGK;AACD1D,oBAAI4D,KAAJ,CAAU,iBAAV;AACH;AACJ,SAZD;AAaH,KAdD,MAcO;AACHN,eAAOC,IAAP,CAAY,qBAAZ,EAAmCrB,UAAUsB,EAA7C,EAAiDjB,MAAjD,EAAyD,EAAzD,EAA6D,UAAUpC,KAAV,EAAiBuD,MAAjB,EAAyB;AAClF,gBAAItD,IAAII,EAAJ,CAAOmD,cAAP,CAAsBP,QAAtB,CAAJ,EAAqC;AACjCpD,oBAAI4D,KAAJ,CAAU,gCAAV;AACAR,yBAASjD,KAAT,EAAgBuD,MAAhB;AACH,aAHD,MAGK;AACD1D,oBAAI4D,KAAJ,CAAU,iBAAV;AACH;AACJ,SAPD;AAQH;AACJ,CA9BD,C,CA+BA;;;;;;;AAMAxD,IAAIC,EAAJ,CAAOqB,cAAP,GAAwB,UAAUhB,IAAV,EAAgB;AACpCV,QAAIgB,KAAJ,CAAU,YAAV;AACAhB,QAAI4D,KAAJ,CAAU,UAAUlD,KAAKY,QAAL,EAApB;AAEA,QAAIuC,WAAWnD,KAAKoD,QAAL,EAAf;AACA,QAAIC,MAAMrD,KAAKsD,UAAL,GAAkB1C,QAAlB,EAAV;AACA,QAAI2C,OAAOvD,KAAKwD,WAAL,GAAmB5C,QAAnB,EAAX;AACA,QAAI6C,SAAS,CAAC,KAAD,EAAQ,KAAR,EAAe,KAAf,EAAsB,KAAtB,EAA6B,KAA7B,EAAoC,KAApC,EAA2C,KAA3C,EAAkD,KAAlD,EAAyD,KAAzD,EAAgE,KAAhE,EAAuE,KAAvE,EAA8E,KAA9E,CAAb;AAEA,QAAIC,WAAWD,OAAON,QAAP,CAAf;AACA,QAAIQ,UAAUN,MAAM,GAAN,GAAYK,QAAZ,GAAuB,GAAvB,GAA6BH,IAA3C;AACA,WAAOI,OAAP;AACH,CAZD,C,CAaA;;;;;;;;;AAQAjE,IAAIC,EAAJ,CAAOiE,iBAAP,GAA2B,UAAU/B,MAAV,EAAkBgC,MAAlB,EAA0B;AACjDA,WAAOvD,KAAP,CAAa,mBAAb,EADiD,CAEjD;AACA;;AAEA,QAAIwD,SAAS,IAAb;;AAEA,QAAIC,EAAEC,OAAF,CAAUnC,MAAV,CAAJ,EAAuB;AACnBgC,eAAOX,KAAP,CAAa,kBAAb;AACA,eAAO,IAAP;AACH;;AAED,QAAIf,eAAe,CAAnB;;AACA,SAAKA,eAAe,CAApB,EAAuBA,eAAeN,OAAOlB,MAA7C,EAAqDwB,cAArD,EAAqE;AACjE,YAAIzC,IAAII,EAAJ,CAAOS,WAAP,CAAmBsB,OAAOM,YAAP,EAAqBC,IAAxC,CAAJ,EAAmD;AAC/CyB,mBAAOpE,KAAP,CAAa,YAAY0C,YAAZ,GAA2B,sBAAxC;AACA2B,qBAAS,KAAT;AACH;;AACD,YAAIpE,IAAII,EAAJ,CAAOS,WAAP,CAAmBsB,OAAOM,YAAP,EAAqBpB,IAAxC,CAAJ,EAAmD;AAC/C8C,mBAAOpE,KAAP,CAAa,YAAY0C,YAAZ,GAA2B,KAA3B,GAAmCN,OAAOM,YAAP,EAAqB8B,KAAxD,GAAgE,wBAA7E;AACAJ,mBAAOpE,KAAP,CAAa,kBAAkBoC,OAAOM,YAAP,EAAqBC,IAApD;AACA0B,qBAAS,KAAT;AACH;;AACD,YAAIpE,IAAII,EAAJ,CAAOS,WAAP,CAAmBsB,OAAOM,YAAP,EAAqBI,KAAxC,CAAJ,EAAoD;AAChDsB,mBAAOpE,KAAP,CAAa,YAAY0C,YAAZ,GAA2B,KAA3B,GAAmCN,OAAOM,YAAP,EAAqB8B,KAAxD,GAAgE,yBAA7E;AACAJ,mBAAOpE,KAAP,CAAa,kBAAkBoC,OAAOM,YAAP,EAAqBC,IAApD;AACA0B,qBAAS,KAAT;AACH;AACJ;;AACD,WAAOA,MAAP;AACH,CA9BD,C,CA+BA;;;;;;;AAMApE,IAAIC,EAAJ,CAAOuE,KAAP,GAAe,UAAUC,MAAV,EAAkB;AAC7B7E,QAAIgB,KAAJ,CAAU,OAAV;AACAhB,QAAIgB,KAAJ,CAAU,YAAY6D,MAAtB;AAEA7E,QAAIgB,KAAJ,CAAU,uBAAuB,CAAC6D,WAAW,CAACA,MAAb,EAAqBvD,QAArB,EAAjC;AACAtB,QAAIgB,KAAJ,CAAU,4BAA4B,CAAC6D,YAAYA,SAAS,CAArB,CAAD,EAA0BvD,QAA1B,EAAtC;;AAEA,QAAGuD,WAAW,CAACA,MAAZ,IAAsBA,YAAYA,SAAS,CAArB,CAAzB,EAAiD;AAC7C7E,YAAIgB,KAAJ,CAAU,kBAAV;AACA,eAAO,IAAP;AACH;;AACDhB,QAAIgB,KAAJ,CAAU,sBAAV;AACA,WAAO,KAAP;AACH,CAbD,C,CAcA;;;;;;;AAMAZ,IAAIC,EAAJ,CAAOyE,SAAP,GAAmB,UAAUD,MAAV,EAAkB;AACjC7E,QAAIgB,KAAJ,CAAU,WAAV;AACAhB,QAAIgB,KAAJ,CAAU,YAAY6D,MAAtB;AACA,WAAOA,WAAW,CAACA,MAAZ,IAAsBA,YAAYA,SAAS,CAArB,CAA7B;AACA;AACH,CALD,C,CAMA;;;;;;;AAMAzE,IAAIC,EAAJ,CAAO0E,MAAP,GAAgB,UAAUrE,IAAV,EAAgB;AAC5BV,QAAIgB,KAAJ,CAAU,QAAV;;AACA,QAAIqB,OAAO2C,SAAP,CAAiB1D,QAAjB,CAA0BiC,IAA1B,CAA+B7C,IAA/B,MAAyC,eAA7C,EAA8D;AAC1D,eAAO,IAAP;AACH,KAFD,MAEO;AACH,YAAI2B,OAAO2C,SAAP,CAAiB1D,QAAjB,CAA0BiC,IAA1B,CAA+B7C,IAA/B,MAAyC,iBAA7C,EAAgE;AAC5D,gBAAI2D,UAAU,IAAI1D,IAAJ,CAASD,IAAT,CAAd;;AACA,gBAAI2B,OAAO2C,SAAP,CAAiB1D,QAAjB,CAA0BiC,IAA1B,CAA+Bc,OAA/B,MAA4C,eAAhD,EAAiE;AAC7D,uBAAO,IAAP;AACH,aAFD,MAEO;AACH,uBAAO,KAAP;AACH;AACJ,SAPD,MAOO;AACH,mBAAO,KAAP;AACH;AACJ;;AACD,WAAO,KAAP;AACH,CAjBD,C,CAkBA;;;;;;;AAMAjE,IAAIC,EAAJ,CAAO4E,OAAP,GAAiB,UAAUJ,MAAV,EAAkB;AAC/B7E,QAAIgB,KAAJ,CAAU,SAAV;AACAhB,QAAIgB,KAAJ,CAAU,YAAY6D,MAAtB;AACA7E,QAAIgB,KAAJ,CAAU,mBAAmB,QAAQ6D,MAAR,uDAAQA,MAAR,GAAgBvD,QAAhB,EAA7B;;AAEA,QAAGlB,IAAIC,EAAJ,CAAOuE,KAAP,CAAaC,MAAb,CAAH,EAAwB;AACpB,eAAO,IAAP;AACH;;AACD,QAAGzE,IAAIC,EAAJ,CAAOyE,SAAP,CAAiBD,MAAjB,CAAH,EAA4B;AACxB,YAAGzE,IAAIC,EAAJ,CAAO6E,aAAP,IAAuB,CAA1B,EAA4B;AACxB,mBAAO,IAAP;AACH;AACJ;;AACD,WAAO,KAAP;AACH,CAdD,C,CAgBA;;;;;;;AAMA9E,IAAIC,EAAJ,CAAO8E,QAAP,GAAkB,UAAUlC,KAAV,EAAiB;AAC/BjD,QAAIgB,KAAJ,CAAU,UAAV;AACAhB,QAAIgB,KAAJ,CAAU,WAAWiC,KAArB;;AAEA,QAAG,OAAOA,KAAP,KAAgB,QAAnB,EAA4B;AACxBjD,YAAIgB,KAAJ,CAAU,iBAAV;AACA,eAAO,IAAP;AACH;;AACDhB,QAAIgB,KAAJ,CAAU,kBAAV;AACA,WAAO,KAAP;AACH,CAVD,C,CAYA;;;;;;;AAMAZ,IAAIC,EAAJ,CAAO6E,aAAP,GAAuB,UAASjC,KAAT,EAAgB;AACnC,QAAImC,KAAKC,KAAL,CAAWpC,KAAX,MAAsBA,KAA1B,EACI,OAAOA,MAAM3B,QAAN,GAAiBgE,KAAjB,CAAuB,GAAvB,EAA4B,CAA5B,EAA+BjE,MAA/B,IAAyC,CAAhD;AACJ,WAAO,CAAP;AACH,CAJD","file":"/lib/DBLib.js.map","sourcesContent":["//A library dedicated to Databse functionality\nvar log = new Logger('Lib.DB.js', CLL.error);\n\nif (typeof Lib === 'undefined') {\n    Lib = {};\n}\n\nLib.DB = {};\n\n/**\n * This will take todays date and adjust it based on numDaysMod (posative or negative) and \n * then return a SQL formated date string\n * \n * @param numDaysMod {int} The number of days from today to transform\n * @return {string} Returns SQL formatted date string\n */\nLib.DB.getSQLFormatedDate = function (numDaysMod) {\n    numDaysMod = Lib.JS.setDefaultParameter(numDaysMod, 0);\n    var date = new Date(new Date().getTime() + 24 * 60 * 60 * 1000 * numDaysMod);\n    return date;\n};\n/**\u001f\n * This will take a SQL row and map it to a Reactive Object or normal JS object.  The mapping compare the name of columns in the SQL row\n * to the properties of the object.  When they match the data is moved over when they don't mtch the data is added as\n * a new property.  Numbers, Dates, and Boolean values get converted from string to Numbers, Dates, and Booleans.\n * Null values are turned into empty strings.\n * \n * @param SQLRow {Object} The SQL row\n * @param reactiveObject {Object} The obejct to recived the SQL data\n * @return {Object} Returns objectTo with added data\n */\nLib.DB.mapSQLObject = function (SQLRow, reactiveObject) {\n    log.trace(\"mapObject\");\n    if (Lib.JS.isUndefined(SQLRow)) {\n        return {};\n    }\n\n    for (var property in SQLRow) {\n        if (SQLRow[property] === null) {\n            reactiveObject[property] = \"\";\n        } else if ($.isArray(SQLRow[property]) && SQLRow[property].length > 0) {\n            log.error(\"error: Stored Procedure has 2 columns with the same name\");\n        } else {\n            if (typeof SQLRow[property] === \"string\") {\n                reactiveObject[property] = SQLRow[property].toString().trim();\n            } else if (typeof SQLRow[property] === \"number\") {\n                reactiveObject[property] = parseInt(SQLRow[property].toString().trim());\n            } else if (typeof SQLRow[property] === \"boolean\") {\n                reactiveObject[property] = SQLRow[property];\n            } else if ($.type(SQLRow[property]) === \"date\") {   //if the data is a sql date\n                reactiveObject[property] = Lib.DB.ConvertSQLDate(SQLRow[property]);\n            } else {\n                log.error(\"Data type not handled\");\n                reactiveObject[property] = \"\";\n            }\n        }\n    }\n    return reactiveObject;\n};\n/**\n * This will take SQL results with mutliptl row (or 1) and map them to a Reactive Array or noraml array needed.\n * \n * @param SQLResults {array} the SQL results\n * @param reactiveArray {array} the array to move the results to \n */\nLib.DB.mapSQLArrays = function (SQLResults, reactiveArray) {\n    log.trace(\"mapArrays\");\n    if (typeof SQLResults === 'undefined') {\n        reactiveArray = {};\n        return true;\n    }\n\n    reactiveArray.length = 0;\n    var arrayCounter = 0;\n\n    for (arrayCounter = 0; arrayCounter < SQLResults.length; arrayCounter++) {\n        var obejct = Lib.DB.mapSQLObject(SQLResults[arrayCounter], SQLResults[arrayCounter]);\n        reactiveArray.push(obejct);\n    }\n};\n/**\n * This will validte a SQL object.  It checks that the SQL Object exists, and that all it's inputs objects have\n * a name, type and value and that the types match usable options.\n * \n * @param SQLObject {object} The SQL Object\n * @param customLog {string} The logging objec to tuse if their is a problem\n * @param objectName {string} The name of the SQL object used in the logging\n * @return {Boolean} Returns true if a valid SQL object, false if not\n */\nLib.DB.validateSQLIO = function (SQLObject, customLog, objectName) {\n    log.trace(\"validateSQLIO\");\n\n    if (Lib.JS.isUndefined(SQLObject) || Object.keys(SQLObject).length === 0) {\n        return true;\n    }\n\n    if (Lib.JS.isUndefined(SQLObject.inputs)) {\n        SQLObject.inputs = [];\n        return true;\n    }\n\n    if (!$.isArray(SQLObject.inputs)) {\n        customLog.error(objectName + \".inputs: is not an array\");\n        return false;\n    }\n\n\n    var SQLTypeKeys = Object.keys(SQLTypes).map(function (key) {\n        return SQLTypes[key];\n    });\n    var currentInput = {};\n    var inputCounter = 0;\n    for (inputCounter = 0; inputCounter < SQLObject.inputs.length; inputCounter++) {\n        //Format: {name: \"\", type: SQLTypes.Int, value: currentRecord.ID}\n        currentInput = SQLObject.inputs[inputCounter];\n        if (Lib.JS.isUndefined(currentInput.name)) {\n            customLog.error(objectName + \".inputs: missing name property watch case: \" + JSON.stringify(currentInput) + \"\\n must have the following format: {name: '', type: SQLTypes.Somthing, value: ''}\");\n            return false;\n        }\n        if (Lib.JS.isUndefined(currentInput.type)) {\n            customLog.error(objectName + \".inputs: missing type property watch case: \" + JSON.stringify(currentInput) + \"\\n must have the following format: {name: '', type: SQLTypes.Somthing, value: ''}\");\n            return false;\n        }\n        if (Lib.JS.isUndefined(currentInput.value)) {\n            customLog.error(objectName + \".inputs: missing value property watch case: \" + JSON.stringify(currentInput) + \"\\n must have the following format: {name: '', type: SQLTypes.Somthing, value: ''}\");\n            return false;\n        }\n\n        if (SQLTypeKeys.indexOf(currentInput.type) < 0) {\n            customLog.error(objectName + \".inputs: type property must use SQLTypes const\");\n            return false;\n        }\n    }\n    return true;\n};\n/**\n * This will run a SQL object against the DB.  If checks if the e-mail wrapper is needed and \n * then call the SP methods on the server.  The callback is called with the results and error objects.\n * \n * @param SQLObject {object} The SQL Object\n * @param inputs {array} The Inputs to use for the SP call\n * @param callback {function} The function to call when SP calling is complete\n */\nLib.DB.handleSQLObject = function (SQLObject, inputs, callback) {\n    log.trace(\"handleSQLObject\");\n    log.trace(\"SQLObject:\" + JSON.stringify(SQLObject));\n    log.trace(\"inputs:\" + JSON.stringify(inputs));\n    log.trace(\"callback:\" + JSON.stringify(callback));\n    \n    if (SQLObject.sendUserEmail) {\n        Meteor.call('AddEmailToSP', SQLObject.SP, inputs, {}, SQLObject.userEmailColName, function (error, result) {\n            if(result===false){\n                log.error(\"result came back false for:\" + SQLObject.SP + \" check the server for errors\");\n                return false;\n            }\n            \n            if (Lib.JS.verifyCallback(callback)) {\n                log.debug(\"Callback exists calling it now\");\n                callback(error, result);\n            }else{\n                log.debug(\"Callback failed\");\n            }\n        });\n    } else {\n        Meteor.call('callStoredProcedure', SQLObject.SP, inputs, {}, function (error, result) {\n            if (Lib.JS.verifyCallback(callback)) {\n                log.debug(\"Callback exists calling it now\");\n                callback(error, result);\n            }else{\n                log.debug(\"Callback failed\");\n            }\n        });\n    }\n};\n/**\n * Converts a SQL formatted date into a dd/mmm/yyyy formated date\n * \n * @param date {date} The SQL date\n * @return date (date) The formated date (dd/mmm/yyyy).\n */\nLib.DB.ConvertSQLDate = function (date) {\n    log.trace(\"GetSQLDate\");\n    log.debug(\"date:\" + date.toString());\n\n    var monthNum = date.getMonth();\n    var day = date.getUTCDate().toString();\n    var year = date.getFullYear().toString();\n    var months = [\"Jan\", \"Feb\", \"Mar\", \"Apr\", \"May\", \"Jun\", \"Jul\", \"Aug\", \"Sep\", \"Oct\", \"Nov\", \"Dec\"];\n\n    var monthStr = months[monthNum];\n    var newDate = day + \"/\" + monthStr + \"/\" + year;\n    return newDate;\n};\n/**\n * This will validte a set SQL inputs used for SPs.  It checks that the SQL Object exists, and that all it's inputs objects have\n * a name, type and value and that the types match usable options.\n * \n * @param inputs {array} The SQL Inputs array\n * @param logger {logger} The logging objec to tuse if their is a problem\n * @return {Boolean} Returns true if all Inputs are valid, false if not\n */\nLib.DB.validateSQLInputs = function (inputs, logger) {\n    logger.trace(\"validateSQLInputs\");\n    //each input should have this structure {name: \"ID\", type: SQLTypes.Int, value: 36}\n    //can't use jquery becasue it's called server side, for now jquery is not on meteor server\n\n    var isPass = true;\n\n    if (_.isEmpty(inputs)) {\n        logger.debug(\"inputs are empty\");\n        return true;\n    }\n\n    var inputCounter = 0;\n    for (inputCounter = 0; inputCounter < inputs.length; inputCounter++) {\n        if (Lib.JS.isUndefined(inputs[inputCounter].name)) {\n            logger.error(\"inputs[\" + inputCounter + \"] Missing input.name\");\n            isPass = false;\n        }\n        if (Lib.JS.isUndefined(inputs[inputCounter].type)) {\n            logger.error(\"inputs[\" + inputCounter + \"]: \" + inputs[inputCounter].title + \"  - Missing input.type\");\n            logger.error(\"inputs.name: \" + inputs[inputCounter].name);\n            isPass = false;\n        }\n        if (Lib.JS.isUndefined(inputs[inputCounter].value)) {\n            logger.error(\"inputs[\" + inputCounter + \"]: \" + inputs[inputCounter].title + \"  - Missing input.value\");\n            logger.error(\"inputs.name: \" + inputs[inputCounter].name);\n            isPass = false;\n        }\n    }\n    return isPass;\n};\n/**\n * Check if number is an int but works on the server\n * \n * @param number {number} The SQL date\n * @return boolean - true if the number is an int\n */\nLib.DB.isInt = function (number) {\n    log.trace(\"isInt\");\n    log.trace(\"number:\" + number);\n    \n    log.trace(\"number === +number\" + (number === +number).toString());\n    log.trace(\"number === (number | 0)\" + (number === (number | 0)).toString());\n    \n    if(number === +number && number === (number | 0)){\n        log.trace(\"number is an INT\");\n        return true;\n    }\n    log.trace(\"number is not an INT\");\n    return false;\n};\n/**\n * Check if number is an decimal but works on the server\n * \n * @param number {number} The SQL date\n * @return boolean - true if the number is an int\n */\nLib.DB.isDecimal = function (number) {\n    log.trace(\"isDecimal\");\n    log.trace(\"number:\" + number);\n    return number === +number && number !== (number | 0);\n    ;\n};\n/**\n * This will check if a date value is a valid date, assuming a / delemiter and 3 integers.\n * \n * @param date {date} the date to check\n * @return {boolean} Returns true if the date is valid, false if not\n */\nLib.DB.isDate = function (date) {\n    log.trace(\"isDate\");\n    if (Object.prototype.toString.call(date) === \"[object Date]\") {\n        return true;\n    } else {\n        if (Object.prototype.toString.call(date) === \"[object String]\") {\n            var newDate = new Date(date);\n            if (Object.prototype.toString.call(newDate) === \"[object Date]\") {\n                return true;\n            } else {\n                return false;\n            }\n        } else {\n            return false;\n        }\n    }\n    return false;\n};\n/**\n * Check if number is an decimal but with only 2 decimal places or an integer\n * \n * @param number {number} The SQL date\n * @return boolean - true if the number is an int\n */\nLib.DB.isMoney = function (number) {\n    log.trace(\"isMoney\");\n    log.trace(\"number:\" + number);\n    log.trace(\" typeofnumber:\" + (typeof number).toString());\n    \n    if(Lib.DB.isInt(number)){\n        return true;\n    }\n    if(Lib.DB.isDecimal(number)){\n        if(Lib.DB.countDecimals <=2){\n            return true;\n        }\n    }\n    return false;\n};\n\n/**\n * Check if value is a string\n * \n * @param value {object} The SQL date\n * @return boolean - true if the number is an string\n */\nLib.DB.isString = function (value) {\n    log.trace(\"isString\");\n    log.trace(\"value:\" + value);\n    \n    if(typeof value ==='string'){\n        log.trace(\"isString = true\");\n        return true;\n    }\n    log.trace(\"isString = false\");\n    return false;\n};\n\n/**\n * Counts the number of decimal places in a number\n * \n * @param number {number} The SQL date\n * @return boolean - true if the number is an int\n */\nLib.DB.countDecimals = function(value) {\n    if (Math.floor(value) !== value)\n        return value.toString().split(\".\")[1].length || 0;\n    return 0;\n}"]},"hash":"d38ac6cc2a8ad2903ce70ec368a23e9a76207f2c"}
