{"metadata":{"usedHelpers":["typeof","interopRequireDefault"],"marked":[],"modules":{"imports":[],"exports":{"exported":[],"specifiers":[]}}},"options":{"filename":"/lib/JSLib.js","filenameRelative":"/lib/JSLib.js","env":{"development":{"plugins":[]}},"retainLines":false,"highlightCode":true,"suppressDeprecationMessages":false,"presets":[],"plugins":[[[],{"polyfill":false}],[[],null],[[],null],[[],{"allowTopLevelThis":true,"strict":false,"loose":true}],[[],null],[[],null],[[],null],[[],null],[[],null],[[],null],[[],null],[[],null],[[],null],[[],null],[[],null],[[],null],[[],null],[[],{"loose":true}],[[],{"loose":true}],[[],null],[[],{"loose":true}],[[],null],[[],null],[[],null],[[],null],[[],null],[[],null],[[],{"loose":true}],[[],null],[[],null],[[],null],[[],null],[[],null],[[],null],[[],null]],"ignore":[],"code":true,"metadata":true,"ast":false,"comments":true,"compact":false,"minified":false,"sourceMap":true,"sourceMaps":true,"sourceMapTarget":"/lib/JSLib.js.map","sourceFileName":"/lib/JSLib.js","babelrc":false,"sourceType":"module","moduleIds":false,"passPerPreset":false,"parserOpts":false,"generatorOpts":false,"basename":"JSLib"},"ignored":false,"code":"var _typeof2 = require(\"babel-runtime/helpers/typeof\");\n\nvar _typeof3 = _interopRequireDefault(_typeof2);\n\nfunction _interopRequireDefault(obj) { return obj && obj.__esModule ? obj : { \"default\": obj }; }\n\n//A library used to make JS coding easier and add some simple function to JS\nvar log = new Logger('Lib.JS.js', CLL.error);\n\nif (typeof Lib === 'undefined') {\n    Lib = {};\n}\n\nLib.JS = {}; /**\n              * This will create a new copy of the array passed in, instead of pointing to the old array\n              * \n              * @param array {array} The array the will be copied\n              * @return {array} Returns a new array not connected to the old one.\n              */\n\nLib.JS.CreateNewArray = function (array) {\n    log.trace(\"CreateNewArray\");\n    return array.slice();\n}; /**\n    * This will verify that the callback exsits and is a function\n    * \n    * @param callback {Function} the string you want to look at.\n    * @return {Boolean} Returns true if the callback is a function and exists\n    */\n\nLib.JS.verifyCallback = function (callback) {\n    log.trace(\"verifyCallback\");\n    var isValidFunction = true;\n\n    if (Lib.JS.isUndefined(callback) || !Lib.JS.isFunction(callback)) {\n        isValidFunction = false;\n    }\n\n    return isValidFunction;\n}; /**\n    * This will look at through a @stringValue for anything the matches the @delimiter.  It will then return the position of\n    * the @delimiter found after skipping a number of then determined by @numDel -1.\n    * Example: @stringValue \"http://localhost:3030/Students\" but you want the position of the third \"/\"\n    *      Lib.JS.GetPosWithSkip(\"http://localhost:3030/Students\", \"/\", 3)\n    * \n    * @param stringVal {String} the string you want to look at.\n    * @param delimiter {String} the deilimter your looking for.\n    * @param numDel {Number} number of delimters to skip, defaults to .\n    * @return {String} Returns some sample string, will return -1 if their are fewer delimters than (@numDelToSkip)\n    */\n\nLib.JS.getPosition = function (stringVal, delimiter, numDel) {\n    log.trace(\"GetPosWithSkip\");\n    Lib.JS.setDefaultParameter(numDel, 0);\n    var currentDelPos = 0;\n    var totalDelPos = 0;\n\n    for (var delCounter = 0; delCounter < numDel - 1; delCounter++) {\n        currentDelPos = stringVal.indexOf(delimiter);\n        stringVal = stringVal.right(currentDelPos);\n        totalDelPos = totalDelPos + currentDelPos + 1;\n    }\n\n    totalDelPos = totalDelPos + stringVal.indexOf(delimiter);\n    return totalDelPos;\n}; /**\n    * This will insert @stringToInsert into @stringVal to the left of position @position\n    * Example: Lib.JS.insertAt(\"0123456\", 4, '**') = \"0123**456\"\n    * \n    * @param stringVal {String} the string you want to look at.\n    * @param position {Number} the poistion.\n    * @param stringToInsert {String} the string you want to insert.\n    * @return {String} Returns This will return everything in the string to the Rigth of the @position\n    */\n\nLib.JS.insertAt = function (stringVal, position, stringToInsert) {\n    log.trace(\"Left\");\n    var left = stringVal.left(position);\n    var right = stringVal.right(position - 1);\n    stringVal = left + stringToInsert + right;\n    return stringVal;\n}; /**\n    * This will replace all, instead of the normal JS replace that only replaces the first \n    * instance it finds.\n    * \n    * @param string {string} the string you want to replace parts of.\n    * @param search {string} the string patterns you want replaced\n    * @param replacement {string} the string pattern to the search pattern to be replaced with.\n    * @return {string} Returns the original string exect it will convert all the search patterns to replacement\n    */\n\nLib.JS.replace = function (string, search, replacement) {\n    log.trace(\"replace\");\n    return string.replace(new RegExp(search, 'g'), replacement);\n}; /**\n    * This will check to see if an obejct is empty.  And empty obejct has 0 properties and is an object.\n    * \n    * @param object {object} the object ot test\n    * @return {boolean} Returns true if the object is empty, false if not.\n    */\n\nLib.JS.IsEmptyObject = function (object) {\n    log.trace(\"IsEmptyObject\");\n\n    if (Object.keys(object).length === 0 && object.constructor === Object) {\n        return true;\n    }\n\n    return false;\n}; /**\n    * This will convert a string value to a integer.  If the string is not a number then it default to a 0;\n    * \n    * @param stringValue {string} the string to be converted into an ingeter.\n    * @return {int} Returns the integer value of the string, or 0 it strin gis not a integer.\n    */\n\nLib.JS.StringToInt = function (stringValue) {\n    log.trace(\"StringToInt\");\n    var number = 0;\n\n    if (Lib.JS.isNumber(stringValue)) {\n        number = parseInt(stringValue);\n    }\n\n    return number;\n}; /**\n    * This will check if a date value is a valid date.  It will check if the date/month/year combo is actauly value, assuming the dd/mmm/yyyy format\n    * for example 32/14/2013 is not a valid date even though the format is correct.\n    * \n    * @param date {date} the date to check\n    * @return {boolean} Returns true if the date is valid, false if not\n    */\n\nLib.JS.isDate = function (date) {\n    log.trace(\"isDate\");\n    date = date.toString();\n    var datePieces = date.split(\"/\");\n\n    if (datePieces.length !== 3) {\n        return false;\n    }\n\n    if (!$.isNumeric(datePieces[0]) || !$.isNumeric(datePieces[2])) {\n        return false;\n    }\n\n    var day = parseInt(datePieces[0]);\n    var month = datePieces[1];\n    var year = parseInt(datePieces[2]);\n\n    if (day > 31 || day < 0) {\n        return false;\n    }\n\n    if (year > 5000 || year < 0) {\n        return false;\n    }\n\n    var months = [\"Jan\", \"Feb\", \"Mar\", \"Apr\", \"May\", \"Jun\", \"Jul\", \"Aug\", \"Sep\", \"Oct\", \"Nov\", \"Dec\"];\n\n    if (months.indexOf(month) === -1) {\n        return false;\n    }\n\n    if (month === \"Feb\" && day > 28) {\n        return false;\n    }\n\n    if (month === \"Apr\" || month === \"Jun\" || month === \"Sep\" || month === \"Nov\") {\n        if (day > 30) {\n            return false;\n        }\n    }\n\n    return true;\n}; /**\n    * This will log an error if the error exists, otherwise it will trace log that the error is undifined.\n    * \n    * @param log {logger} the logger to use\n    * @param error {string} the erro string\n    * @return {boolean} Returns true is their is an error and false no error exists\n    */\n\nLib.JS.logError = function (log, error) {\n    log.trace(\"logError\");\n\n    if (typeof error !== 'undefined') {\n        log.error(\"Error:\" + error);\n        return true;\n    } else {\n        log.trace(\"Error:undefined\");\n    }\n\n    return false;\n}; /**\n    * This will check if a string is empty or undifined\n    * \n    * @param string {string} the string to check\n    * @return {boolean} Returns true if the string is empty, false if not\n    */\n\nLib.JS.isSTREmpty = function (string) {\n    log.trace(\"isSTREmpty\");\n    log.debug(\"string:\" + string);\n\n    if (typeof string === 'undefined') {\n        return true;\n    }\n\n    if (string === \"\") {\n        return true;\n    }\n\n    return false;\n}; /**\n    * This will go through a template and erase all the values form input DOM objects on that templte\n    * \n    * @param template {template}\n    */\n\nLib.JS.clearInputs = function (template) {\n    log.trace(\"clearInputs\"); //clear text boxes\n\n    template.$('input').each(function () {\n        template.$(this).val(\"\");\n    });\n    template.$('textarea').each(function () {\n        template.$(this).val(\"\");\n    }); //un tick tick boxes\n\n    template.$('input:checkbox').each(function () {\n        template.$(this).prop(\"checked\", false);\n    });\n}; /**\n    * This will return the defaultVal if the parameter is undefined\n    * \n    * @param template {template}\n    */\n\nLib.JS.setDefaultParameter = function (parameter, defaultVal) {\n    log.trace(\"setDefaultParameter\");\n\n    if (Lib.JS.isUndefined(parameter)) {\n        parameter = defaultVal;\n    }\n\n    return parameter;\n}; /**\n    * This will check a series of parameters to make sure they are not undifined\n    * \n    * @param parameterArray {2D Array} An array, where each element is an array with 2 eleements.  [0] is the parameters to check, and [1] is the logs error message\n    * @param otherLog {Logger} The Logger to use to errors\n    * @returns (boolean) Returns false if all parameters are defined, return true one or more of the parameters are undifined\n    */\n\nLib.JS.checkParameters = function (parameterArray, otherLog) {\n    log.trace(\"checkParameters\");\n    var parameterCounter = 0;\n    var isFail = false;\n\n    for (parameterCounter = 0; parameterCounter < parameterArray.length; parameterCounter++) {\n        if (parameterArray[parameterCounter].length !== 2) {\n            log.error(\"Wrong number of parameters\");\n            otherLog.error(\"Wrong number of parameters\");\n            return true;\n        }\n\n        if (Lib.JS.isUndefined(parameterArray[parameterCounter][0])) {\n            otherLog.error(parameterArray[parameterCounter][1]);\n            isFail = true;\n        }\n    }\n\n    return isFail;\n}; /**\n    * This will check a single parameters to make sure it is not undifined\n    * \n    * @param parameter {object} An object to test\n    * @param errorMessage {string} The error message to use if the paramter fails\n    * @param otherLog {Logger} The Logger to use to errors\n    * @returns (boolean) Returns false if the parameter is defined else return true\n    */\n\nLib.JS.checkParameter = function (parameter, errorMessage, otherLog) {\n    log.trace(\"checkParameter\");\n\n    if (typeof parameter === 'undefined') {\n        otherLog.error(errorMessage);\n        return true;\n    }\n\n    return false;\n}; /**\n    * This will check an object to see if it is not undifined and not null\n    * \n    * @param parameter {object} An object to test\n    * @returns (boolean) Returns false if the parameter is defined else return true\n    */\n\nLib.JS.isDefined = function (parameter) {\n    log.trace(\"isDefined\");\n\n    if (!Lib.JS.isUndefined(parameter) && !Lib.JS.isNull(parameter)) {\n        return true;\n    }\n\n    return false;\n}; /**\n    * This will check an object to see if it is undifined\n    * \n    * @param parameter {object} An object to test\n    * @returns (boolean) Returns false if the parameter is defined else return true\n    */\n\nLib.JS.isUndefined = function (parameter) {\n    log.trace(\"isUndefined\");\n\n    if (typeof parameter === 'undefined') {\n        return true;\n    }\n\n    return false;\n}; /**\n    * This will check an object to see if it is undifined or an empty string\n    * \n    * @param parameter {object} An object to test\n    * @returns (boolean) Returns false if the parameter is defined else return true\n    */\n\nLib.JS.isUndefinedOrEmpty = function (parameter) {\n    log.trace(\"isUndefined\");\n\n    if (Lib.JS.isUndefined(parameter) || parameter === \"\") {\n        return true;\n    }\n\n    return false;\n}; /**\n    * This will check an object to see if it is null\n    * \n    * @param parameter {object} An object to test\n    * @returns (boolean) Returns false if the parameter is not null else return true\n    */\n\nLib.JS.isNull = function (parameter) {\n    log.trace(\"isNull\");\n\n    if (parameter === null && (typeof parameter === \"undefined\" ? \"undefined\" : (0, _typeof3.default)(parameter)) === \"object\") {\n        return true;\n    }\n\n    return false;\n}; /**\n    * This will check an object to see if it is a number\n    * \n    * @param parameter {object} An object to test\n    * @returns (boolean) Returns true is the parameter is a number else false\n    */\n\nLib.JS.isNumber = function (parameter) {\n    log.trace(\"isInt\");\n    return $.isNumeric(parameter);\n}; /**\n    * This will check an object to see if it is a string\n    * \n    * @param parameter {object} An object to test\n    * @returns (boolean) Returns true is the parameter is a string else false\n    */\n\nLib.JS.isString = function (parameter) {\n    log.trace(\"isString\");\n\n    if (typeof parameter === 'string') {\n        return true;\n    }\n\n    return false;\n}; /**\n    * This will check an object to see if it is a array\n    * \n    * @param parameter {object} An object to test\n    * @returns (boolean) Returns true is the parameter is a array else false\n    */\n\nLib.JS.isArray = function (parameter) {\n    log.trace(\"isArray\");\n\n    if (parameter.constructor === Array) {\n        return true;\n    }\n\n    return false;\n}; /**\n    * This will check an object to see if it is a function\n    * \n    * @param parameter {object} An object to test\n    * @returns (boolean) Returns true is the parameter is a function else false\n    */\n\nLib.JS.isFunction = function (parameter) {\n    log.trace(\"isFunction\");\n\n    if (typeof parameter === 'function') {\n        return true;\n    }\n\n    return false;\n}; /**\n    * This will check an object to see if it is a bit\n    * \n    * @param parameter {object} An object to test\n    * @returns (boolean) Returns true is the parameter is a bit else false\n    */\n\nLib.JS.isBit = function (parameter) {\n    log.trace(\"isBit\");\n\n    if (typeof parameter === 'boolean') {\n        return true;\n    } else if (typeof parameter === 'number' && (parameter === 0 || parameter === 1)) {\n        return true;\n    } else if (typeof parameter === 'string' && (parameter.toLowerCase() === 'true' || parameter.toLowerCase() === 'false')) {\n        return true;\n    }\n\n    return false;\n}; /**\n    * This will get the row of a table given it's click event\n    * \n    * @param event {event} The click event created when a user clicks on a table\n    * @returns (<TR>) Returns the row number the user clicked on.\n    */\n\nLib.JS.getRowNumClicked = function (event) {\n    log.trace(\"getRowNumClicked\");\n    var row = $(event.target).parents('tr').index();\n    return row;\n}; /**\n    * This will get the row number of a table given it's click event\n    * \n    * @param event {event} The click event created when a user clicks on a table\n    * @returns (int) Returns the row number the user clicked on.\n    */\n\nLib.JS.getTableRowNumFromEvent = function (event) {\n    log.trace(\"getTableRowNumFromEvent\");\n    var rowNum = $(event.target).parent()[0].rowIndex - 1;\n    return rowNum;\n}; /**\n    * This will is designed to add strings to a string delimted list.  It simply chekc if the list is empty, if it is then\n    * the list become the newItem else it appends it with the delimter\n    * \n    * @param list {string} The list of delmited strings\n    * @param newItem {string} The string to add to the list\n    * @param delimiter {string}\n    * @returns (string) Returns the lsit with the newItem added to the list\n    */\n\nLib.JS.addToStringList = function (list, newItem, delimiter) {\n    log.trace(\"addToStringList\");\n\n    if (list === \"\") {\n        list = list + newItem;\n    } else {\n        list = list + delimiter + newItem;\n    }\n\n    return list;\n}; /**\n    * This will create OOP inheritence\n    * \n    * @param child {object}\n    * @param parent {object}\n    */\n\nLib.JS.inheritsFrom = function (child, parent) {\n    log.trace(\"inheritsFrom\");\n    child.prototype = Object.create(parent.prototype);\n}; /**\n    * This will add all the properites from the giver object to the receiver object\n    * \n    * @param receiver {object}\n    * @param giver {object}\n    * @returns (object) Returns the new receiver\n    */\n\nLib.JS.combineObjects = function (receiver, giver) {\n    log.trace(\"combineObjects\"); //this will take add all the properites from the giver object to the receiver object\n\n    receiver = Lib.JS.setDefaultParameter(receiver, {});\n    giver = Lib.JS.setDefaultParameter(giver, {});\n\n    for (var property in meteorBabelHelpers.sanitizeForInObject(giver)) {\n        if (Lib.JS.isUndefined(receiver[property])) {\n            receiver[property] = giver[property];\n        }\n    }\n\n    return receiver;\n}; /**\n    * This will push all the elements from the giver array to the receiver array.  The giver elements end up at the end of\n    * the reciver array.\n    * \n    * @param receiver {object}\n    * @param giver {object}\n    * @returns (object) Returns the new receiver\n    */\n\nLib.JS.combineArrays = function (receiver, giver) {\n    log.trace(\"combineArrays\"); //this will take add all the properites from the giver object to the receiver object\n\n    receiver = Lib.JS.setDefaultParameter(receiver, []);\n    giver = Lib.JS.setDefaultParameter(giver, []);\n    var giverCounter = 0;\n\n    for (giverCounter = 0; giverCounter < giver.length; giverCounter++) {\n        receiver.push(giver[giverCounter]);\n    }\n\n    return receiver;\n}; /**\n    * This will remove an object from an array\n    * \n    * @param array {array}\n    * @param object {object}\n    */\n\nLib.JS.remove = function (array, object) {\n    var index = array.indexOf(object);\n\n    if (index > -1) {\n        array.splice(index, 1);\n    }\n}; /**\n    * This will take an array of objects, and extract the property from all of those objects.\n    * \n    * @param array {array}\n    * @param property {property}\n    * @returns (array) Returns a list of object properties\n    */\n\nLib.JS.getPropertyList = function (array, property) {\n    var list = [];\n    var arrayCounter = 0;\n\n    for (arrayCounter = 0; arrayCounter < array.length; arrayCounter++) {\n        list.push(array[arrayCounter][property]);\n    }\n\n    return list;\n}; /**\n    * This will add a new row to a HTML table that is a copy the row based on the row number\n    * \n    * @param tableID {string}\n    * @param rowNum {int}\n    * @param template {template}\n    */\n\nLib.JS.duplicateRow = function (tableID, rowNum, template) {\n    var rowToCopy = template.$('#' + tableID).find('tr:nth-child(' + rowNum + ')');\n    var trNew = rowToCopy.clone();\n    rowToCopy.after(trNew);\n    template.$(trNew).find('textarea, input').each(function (index) {\n        template.$(this).val(\"\");\n    });\n}; /**\n    * This will check an number to see if it is odd\n    * \n    * @param num {int} An object to test\n    * @returns (boolean) Returns true is the num is odd else false\n    */\n\nLib.JS.isOdd = function (num) {\n    if (num % 2 === 0) {\n        return false;\n    } else {\n        return true;\n    }\n}; /**\n    * This will check an number to see if it is even\n    * \n    * @param num {int} An object to test\n    * @returns (boolean) Returns true is the num is even else false\n    */\n\nLib.JS.isEven = function (num) {\n    if (num % 2 === 0) {\n        return true;\n    } else {\n        return false;\n    }\n}; /**\n    * This will replace the itemToReplace with itemToAdd in array\n    * \n    * @param array {array}\n    * @param itemToReplace {object}\n    * @param itemToAdd {object}\n    * @returns (boolean) Returns new array.\n    */\n\nLib.JS.replaceArrayItem = function (array, itemToReplace, itemToAdd) {\n    var index = array.indexOf(itemToReplace);\n    array.splice(index, 1);\n    array.splice(index, 0, itemToAdd);\n    return array;\n}; /**\n    * This will create a brand new copy of an object instead of creating a pointer to the object\n    * \n    * @param object {object}\n    * @returns (object) Returns new object\n    */\n\nLib.JS.copyObject = function (object) {\n    return JSON.parse(JSON.stringify(object));\n}; /**\n    * This will copy all the properties from one object to another\n    * \n    * @param copyFrom {object}\n    * @param CopyTo {object}\n    */\n\nLib.JS.copyProperties = function (copyFrom, CopyTo) {\n    for (var property in meteorBabelHelpers.sanitizeForInObject(copyFrom)) {\n        CopyTo[property] = copyFrom[property];\n    }\n}; /**\n    * This will count the number of properites an object has\n    * \n    * @param object {object}\n    * @returns {int} Retruns the number of properties\n    */\n\nLib.JS.getNumProperties = function (object) {\n    return Object.keys(object).length;\n}; /**\n    * This will take an array of string and contactinate them into 1 string\n    * \n    * @param array {array}\n    * @returns {string} Retruns the new string\n    */\n\nLib.JS.arrayToString = function (array) {\n    array = Lib.JS.setDefaultParameter(array, []);\n    var returnString = \"\";\n\n    for (var counter = 0; counter < array.length; counter++) {\n        returnString = returnString + array[counter].toString();\n    }\n\n    return returnString;\n}; /**\n    * This will generate a randome int using the min and max as the range, inclusive\n    * Lib.JS.getRandomInt(1,5) -> can get 1,2,3,4,5\n    * \n    * @param min {int}\n    * @param max {int}\n    * @returns {int} Retruns random int between min and max\n    */\n\nLib.JS.getRandomInt = function (min, max) {\n    //Gets a random number\n    var randomNum = Math.floor(Math.random() * (max - min + 1)) + min;\n    return Math.round(randomNum);\n}; /**\n    * This will generate a boolean value\n    * \n    * @returns {boolean}\n    */\n\nLib.JS.getRandomBool = function () {\n    //Gets a boolean value\n    var randomNumber = Lib.JS.getRandomInt(0, 1);\n\n    if (randomNumber === 1) {\n        return true;\n    } else {\n        return false;\n    }\n}; /**\n    * This will create a formateed date the is today + numDaysMod\n    * \n    * @param numDaysMod {int}\n    * @returns {date} Retruns formateed date\n    */\n\nLib.JS.getFormatedDate = function (numDaysMod) {\n    numDaysMod = Lib.JS.setDefaultParameter(numDaysMod, 0);\n    var monthNames = [\"Jan\", \"Feb\", \"Mar\", \"Apr\", \"May\", \"Jun\", \"Jul\", \"Aug\", \"Sep\", \"Oct\", \"Nov\", \"Dec\"];\n    var date = new Date(new Date().getTime() + 24 * 60 * 60 * 1000 * numDaysMod);\n    var day = date.getDate();\n    var month = date.getMonth();\n    var year = date.getFullYear();\n\n    if (day < 10) {\n        day = '0' + day;\n    }\n\n    date = day + '-' + monthNames[month] + '-' + year;\n    return date;\n};","ast":null,"map":{"version":3,"sources":["/lib/JSLib.js"],"names":["log","Logger","CLL","error","Lib","JS","CreateNewArray","array","trace","slice","verifyCallback","callback","isValidFunction","isUndefined","isFunction","getPosition","stringVal","delimiter","numDel","setDefaultParameter","currentDelPos","totalDelPos","delCounter","indexOf","right","insertAt","position","stringToInsert","left","replace","string","search","replacement","RegExp","IsEmptyObject","object","Object","keys","length","constructor","StringToInt","stringValue","number","isNumber","parseInt","isDate","date","toString","datePieces","split","$","isNumeric","day","month","year","months","logError","isSTREmpty","debug","clearInputs","template","each","val","prop","parameter","defaultVal","checkParameters","parameterArray","otherLog","parameterCounter","isFail","checkParameter","errorMessage","isDefined","isNull","isUndefinedOrEmpty","isString","isArray","Array","isBit","toLowerCase","getRowNumClicked","event","row","target","parents","index","getTableRowNumFromEvent","rowNum","parent","rowIndex","addToStringList","list","newItem","inheritsFrom","child","prototype","create","combineObjects","receiver","giver","property","combineArrays","giverCounter","push","remove","splice","getPropertyList","arrayCounter","duplicateRow","tableID","rowToCopy","find","trNew","clone","after","isOdd","num","isEven","replaceArrayItem","itemToReplace","itemToAdd","copyObject","JSON","parse","stringify","copyProperties","copyFrom","CopyTo","getNumProperties","arrayToString","returnString","counter","getRandomInt","min","max","randomNum","Math","floor","random","round","getRandomBool","randomNumber","getFormatedDate","numDaysMod","monthNames","Date","getTime","getDate","getMonth","getFullYear"],"mappings":";;;;;;AAAA;AACA,IAAIA,MAAM,IAAIC,MAAJ,CAAW,WAAX,EAAwBC,IAAIC,KAA5B,CAAV;;AAEA,IAAI,OAAOC,GAAP,KAAe,WAAnB,EAAgC;AAC5BA,UAAM,EAAN;AACH;;AACDA,IAAIC,EAAJ,GAAS,EAAT,C,CACA;;;;;;;AAMAD,IAAIC,EAAJ,CAAOC,cAAP,GAAwB,UAAUC,KAAV,EAAiB;AACrCP,QAAIQ,KAAJ,CAAU,gBAAV;AACA,WAAOD,MAAME,KAAN,EAAP;AACH,CAHD,C,CAIA;;;;;;;AAMAL,IAAIC,EAAJ,CAAOK,cAAP,GAAwB,UAAUC,QAAV,EAAoB;AACxCX,QAAIQ,KAAJ,CAAU,gBAAV;AACA,QAAII,kBAAkB,IAAtB;;AAEA,QAAIR,IAAIC,EAAJ,CAAOQ,WAAP,CAAmBF,QAAnB,KAAgC,CAACP,IAAIC,EAAJ,CAAOS,UAAP,CAAkBH,QAAlB,CAArC,EAAkE;AAC9DC,0BAAkB,KAAlB;AACH;;AAED,WAAOA,eAAP;AACH,CATD,C,CAUA;;;;;;;;;;;;AAWAR,IAAIC,EAAJ,CAAOU,WAAP,GAAqB,UAAUC,SAAV,EAAqBC,SAArB,EAAgCC,MAAhC,EAAwC;AACzDlB,QAAIQ,KAAJ,CAAU,gBAAV;AACAJ,QAAIC,EAAJ,CAAOc,mBAAP,CAA2BD,MAA3B,EAAmC,CAAnC;AACA,QAAIE,gBAAgB,CAApB;AACA,QAAIC,cAAc,CAAlB;;AACA,SAAK,IAAIC,aAAa,CAAtB,EAAyBA,aAAaJ,SAAS,CAA/C,EAAkDI,YAAlD,EAAgE;AAC5DF,wBAAgBJ,UAAUO,OAAV,CAAkBN,SAAlB,CAAhB;AACAD,oBAAYA,UAAUQ,KAAV,CAAgBJ,aAAhB,CAAZ;AACAC,sBAAcA,cAAcD,aAAd,GAA8B,CAA5C;AACH;;AACDC,kBAAcA,cAAcL,UAAUO,OAAV,CAAkBN,SAAlB,CAA5B;AACA,WAAOI,WAAP;AACH,CAZD,C,CAaA;;;;;;;;;;AASAjB,IAAIC,EAAJ,CAAOoB,QAAP,GAAkB,UAAUT,SAAV,EAAqBU,QAArB,EAA+BC,cAA/B,EAA+C;AAC7D3B,QAAIQ,KAAJ,CAAU,MAAV;AACA,QAAIoB,OAAOZ,UAAUY,IAAV,CAAeF,QAAf,CAAX;AACA,QAAIF,QAAQR,UAAUQ,KAAV,CAAgBE,WAAW,CAA3B,CAAZ;AACAV,gBAAYY,OAAOD,cAAP,GAAwBH,KAApC;AAEA,WAAOR,SAAP;AACH,CAPD,C,CAQA;;;;;;;;;;AASAZ,IAAIC,EAAJ,CAAOwB,OAAP,GAAiB,UAAUC,MAAV,EAAkBC,MAAlB,EAA0BC,WAA1B,EAAuC;AACpDhC,QAAIQ,KAAJ,CAAU,SAAV;AACA,WAAOsB,OAAOD,OAAP,CAAe,IAAII,MAAJ,CAAWF,MAAX,EAAmB,GAAnB,CAAf,EAAwCC,WAAxC,CAAP;AACH,CAHD,C,CAIA;;;;;;;AAMA5B,IAAIC,EAAJ,CAAO6B,aAAP,GAAuB,UAAUC,MAAV,EAAkB;AACrCnC,QAAIQ,KAAJ,CAAU,eAAV;;AACA,QAAI4B,OAAOC,IAAP,CAAYF,MAAZ,EAAoBG,MAApB,KAA+B,CAA/B,IAAoCH,OAAOI,WAAP,KAAuBH,MAA/D,EAAuE;AACnE,eAAO,IAAP;AACH;;AACD,WAAO,KAAP;AACH,CAND,C,CAOA;;;;;;;AAMAhC,IAAIC,EAAJ,CAAOmC,WAAP,GAAqB,UAAUC,WAAV,EAAuB;AACxCzC,QAAIQ,KAAJ,CAAU,aAAV;AACA,QAAIkC,SAAS,CAAb;;AACA,QAAItC,IAAIC,EAAJ,CAAOsC,QAAP,CAAgBF,WAAhB,CAAJ,EAAkC;AAC9BC,iBAASE,SAASH,WAAT,CAAT;AACH;;AACD,WAAOC,MAAP;AACH,CAPD,C,CAQA;;;;;;;;AAOAtC,IAAIC,EAAJ,CAAOwC,MAAP,GAAgB,UAAUC,IAAV,EAAgB;AAC5B9C,QAAIQ,KAAJ,CAAU,QAAV;AACAsC,WAAOA,KAAKC,QAAL,EAAP;AACA,QAAIC,aAAaF,KAAKG,KAAL,CAAW,GAAX,CAAjB;;AAEA,QAAID,WAAWV,MAAX,KAAsB,CAA1B,EAA6B;AACzB,eAAO,KAAP;AACH;;AAED,QAAI,CAACY,EAAEC,SAAF,CAAYH,WAAW,CAAX,CAAZ,CAAD,IAA+B,CAACE,EAAEC,SAAF,CAAYH,WAAW,CAAX,CAAZ,CAApC,EAAgE;AAC5D,eAAO,KAAP;AACH;;AAED,QAAII,MAAMR,SAASI,WAAW,CAAX,CAAT,CAAV;AACA,QAAIK,QAAQL,WAAW,CAAX,CAAZ;AACA,QAAIM,OAAOV,SAASI,WAAW,CAAX,CAAT,CAAX;;AAEA,QAAII,MAAM,EAAN,IAAYA,MAAM,CAAtB,EAAyB;AACrB,eAAO,KAAP;AACH;;AAED,QAAIE,OAAO,IAAP,IAAeA,OAAO,CAA1B,EAA6B;AACzB,eAAO,KAAP;AACH;;AAED,QAAIC,SAAS,CAAC,KAAD,EAAQ,KAAR,EAAe,KAAf,EAAsB,KAAtB,EAA6B,KAA7B,EAAoC,KAApC,EAA2C,KAA3C,EAAkD,KAAlD,EAAyD,KAAzD,EAAgE,KAAhE,EAAuE,KAAvE,EAA8E,KAA9E,CAAb;;AACA,QAAIA,OAAOhC,OAAP,CAAe8B,KAAf,MAA0B,CAAC,CAA/B,EAAkC;AAC9B,eAAO,KAAP;AACH;;AAED,QAAIA,UAAU,KAAV,IAAmBD,MAAM,EAA7B,EAAiC;AAC7B,eAAO,KAAP;AACH;;AAED,QAAIC,UAAU,KAAV,IAAmBA,UAAU,KAA7B,IAAsCA,UAAU,KAAhD,IAAyDA,UAAU,KAAvE,EAA8E;AAC1E,YAAID,MAAM,EAAV,EAAc;AACV,mBAAO,KAAP;AACH;AACJ;;AAED,WAAO,IAAP;AACH,CAzCD,C,CA0CA;;;;;;;;AAOAhD,IAAIC,EAAJ,CAAOmD,QAAP,GAAkB,UAAUxD,GAAV,EAAeG,KAAf,EAAsB;AACpCH,QAAIQ,KAAJ,CAAU,UAAV;;AACA,QAAI,OAAOL,KAAP,KAAiB,WAArB,EAAkC;AAC9BH,YAAIG,KAAJ,CAAU,WAAWA,KAArB;AACA,eAAO,IAAP;AACH,KAHD,MAGO;AACHH,YAAIQ,KAAJ,CAAU,iBAAV;AACH;;AACD,WAAO,KAAP;AACH,CATD,C,CAUA;;;;;;;AAMAJ,IAAIC,EAAJ,CAAOoD,UAAP,GAAoB,UAAU3B,MAAV,EAAkB;AAClC9B,QAAIQ,KAAJ,CAAU,YAAV;AACAR,QAAI0D,KAAJ,CAAU,YAAY5B,MAAtB;;AAEA,QAAI,OAAOA,MAAP,KAAkB,WAAtB,EAAmC;AAC/B,eAAO,IAAP;AACH;;AAED,QAAIA,WAAW,EAAf,EAAmB;AACf,eAAO,IAAP;AACH;;AAED,WAAO,KAAP;AACH,CAbD,C,CAcA;;;;;;AAKA1B,IAAIC,EAAJ,CAAOsD,WAAP,GAAqB,UAAUC,QAAV,EAAoB;AACrC5D,QAAIQ,KAAJ,CAAU,aAAV,EADqC,CAErC;;AACAoD,aAASV,CAAT,CAAW,OAAX,EAAoBW,IAApB,CAAyB,YAAY;AACjCD,iBAASV,CAAT,CAAW,IAAX,EAAiBY,GAAjB,CAAqB,EAArB;AACH,KAFD;AAIAF,aAASV,CAAT,CAAW,UAAX,EAAuBW,IAAvB,CAA4B,YAAY;AACpCD,iBAASV,CAAT,CAAW,IAAX,EAAiBY,GAAjB,CAAqB,EAArB;AACH,KAFD,EAPqC,CAWrC;;AACAF,aAASV,CAAT,CAAW,gBAAX,EAA6BW,IAA7B,CAAkC,YAAY;AAC1CD,iBAASV,CAAT,CAAW,IAAX,EAAiBa,IAAjB,CAAsB,SAAtB,EAAiC,KAAjC;AACH,KAFD;AAGH,CAfD,C,CAgBA;;;;;;AAKA3D,IAAIC,EAAJ,CAAOc,mBAAP,GAA6B,UAAU6C,SAAV,EAAqBC,UAArB,EAAiC;AAC1DjE,QAAIQ,KAAJ,CAAU,qBAAV;;AACA,QAAIJ,IAAIC,EAAJ,CAAOQ,WAAP,CAAmBmD,SAAnB,CAAJ,EAAmC;AAC/BA,oBAAYC,UAAZ;AACH;;AACD,WAAOD,SAAP;AACH,CAND,C,CAOA;;;;;;;;AAOA5D,IAAIC,EAAJ,CAAO6D,eAAP,GAAyB,UAAUC,cAAV,EAA0BC,QAA1B,EAAoC;AACzDpE,QAAIQ,KAAJ,CAAU,iBAAV;AACA,QAAI6D,mBAAmB,CAAvB;AACA,QAAIC,SAAS,KAAb;;AACA,SAAKD,mBAAmB,CAAxB,EAA2BA,mBAAmBF,eAAe7B,MAA7D,EAAqE+B,kBAArE,EAAyF;AACrF,YAAIF,eAAeE,gBAAf,EAAiC/B,MAAjC,KAA4C,CAAhD,EAAmD;AAC/CtC,gBAAIG,KAAJ,CAAU,4BAAV;AACAiE,qBAASjE,KAAT,CAAe,4BAAf;AACA,mBAAO,IAAP;AACH;;AACD,YAAIC,IAAIC,EAAJ,CAAOQ,WAAP,CAAmBsD,eAAeE,gBAAf,EAAiC,CAAjC,CAAnB,CAAJ,EAA6D;AACzDD,qBAASjE,KAAT,CAAegE,eAAeE,gBAAf,EAAiC,CAAjC,CAAf;AACAC,qBAAS,IAAT;AACH;AACJ;;AACD,WAAOA,MAAP;AACH,CAhBD,C,CAiBA;;;;;;;;;AAQAlE,IAAIC,EAAJ,CAAOkE,cAAP,GAAwB,UAAUP,SAAV,EAAqBQ,YAArB,EAAmCJ,QAAnC,EAA6C;AACjEpE,QAAIQ,KAAJ,CAAU,gBAAV;;AACA,QAAI,OAAOwD,SAAP,KAAqB,WAAzB,EAAsC;AAClCI,iBAASjE,KAAT,CAAeqE,YAAf;AACA,eAAO,IAAP;AACH;;AACD,WAAO,KAAP;AACH,CAPD,C,CAQA;;;;;;;AAMApE,IAAIC,EAAJ,CAAOoE,SAAP,GAAmB,UAAUT,SAAV,EAAqB;AACpChE,QAAIQ,KAAJ,CAAU,WAAV;;AACA,QAAG,CAACJ,IAAIC,EAAJ,CAAOQ,WAAP,CAAmBmD,SAAnB,CAAD,IAAkC,CAAC5D,IAAIC,EAAJ,CAAOqE,MAAP,CAAcV,SAAd,CAAtC,EAA+D;AAC3D,eAAO,IAAP;AACH;;AACD,WAAO,KAAP;AACH,CAND,C,CAOA;;;;;;;AAMA5D,IAAIC,EAAJ,CAAOQ,WAAP,GAAqB,UAAUmD,SAAV,EAAqB;AACtChE,QAAIQ,KAAJ,CAAU,aAAV;;AACA,QAAI,OAAOwD,SAAP,KAAqB,WAAzB,EAAsC;AAClC,eAAO,IAAP;AACH;;AACD,WAAO,KAAP;AACH,CAND,C,CAOA;;;;;;;AAMA5D,IAAIC,EAAJ,CAAOsE,kBAAP,GAA4B,UAAUX,SAAV,EAAqB;AAC7ChE,QAAIQ,KAAJ,CAAU,aAAV;;AACA,QAAGJ,IAAIC,EAAJ,CAAOQ,WAAP,CAAmBmD,SAAnB,KAAiCA,cAAc,EAAlD,EAAqD;AACjD,eAAO,IAAP;AACH;;AACD,WAAO,KAAP;AACH,CAND,C,CAOA;;;;;;;AAMA5D,IAAIC,EAAJ,CAAOqE,MAAP,GAAgB,UAAUV,SAAV,EAAqB;AACjChE,QAAIQ,KAAJ,CAAU,QAAV;;AACA,QAAIwD,cAAc,IAAd,IAAsB,QAAOA,SAAP,uDAAOA,SAAP,OAAqB,QAA/C,EAAyD;AACrD,eAAO,IAAP;AACH;;AACD,WAAO,KAAP;AACH,CAND,C,CAOA;;;;;;;AAMA5D,IAAIC,EAAJ,CAAOsC,QAAP,GAAkB,UAAUqB,SAAV,EAAqB;AACnChE,QAAIQ,KAAJ,CAAU,OAAV;AACA,WAAO0C,EAAEC,SAAF,CAAYa,SAAZ,CAAP;AACH,CAHD,C,CAIA;;;;;;;AAMA5D,IAAIC,EAAJ,CAAOuE,QAAP,GAAkB,UAAUZ,SAAV,EAAqB;AACnChE,QAAIQ,KAAJ,CAAU,UAAV;;AACA,QAAI,OAAOwD,SAAP,KAAqB,QAAzB,EAAmC;AAC/B,eAAO,IAAP;AACH;;AACD,WAAO,KAAP;AACH,CAND,C,CAOA;;;;;;;AAMA5D,IAAIC,EAAJ,CAAOwE,OAAP,GAAiB,UAAUb,SAAV,EAAqB;AAClChE,QAAIQ,KAAJ,CAAU,SAAV;;AACA,QAAIwD,UAAUzB,WAAV,KAA0BuC,KAA9B,EAAqC;AACjC,eAAO,IAAP;AACH;;AACD,WAAO,KAAP;AACH,CAND,C,CAOA;;;;;;;AAMA1E,IAAIC,EAAJ,CAAOS,UAAP,GAAoB,UAAUkD,SAAV,EAAqB;AACrChE,QAAIQ,KAAJ,CAAU,YAAV;;AACA,QAAI,OAAOwD,SAAP,KAAqB,UAAzB,EAAqC;AACjC,eAAO,IAAP;AACH;;AACD,WAAO,KAAP;AACH,CAND,C,CAOA;;;;;;;AAMA5D,IAAIC,EAAJ,CAAO0E,KAAP,GAAe,UAAUf,SAAV,EAAqB;AAChChE,QAAIQ,KAAJ,CAAU,OAAV;;AACA,QAAI,OAAOwD,SAAP,KAAqB,SAAzB,EAAoC;AAChC,eAAO,IAAP;AACH,KAFD,MAEO,IAAI,OAAOA,SAAP,KAAqB,QAArB,KAAkCA,cAAc,CAAd,IAAmBA,cAAc,CAAnE,CAAJ,EAA2E;AAC9E,eAAO,IAAP;AACH,KAFM,MAEA,IAAI,OAAOA,SAAP,KAAqB,QAArB,KAAkCA,UAAUgB,WAAV,OAA4B,MAA5B,IAAsChB,UAAUgB,WAAV,OAA4B,OAApG,CAAJ,EAAkH;AACrH,eAAO,IAAP;AACH;;AACD,WAAO,KAAP;AACH,CAVD,C,CAWA;;;;;;;AAMA5E,IAAIC,EAAJ,CAAO4E,gBAAP,GAA0B,UAAUC,KAAV,EAAiB;AACvClF,QAAIQ,KAAJ,CAAU,kBAAV;AACA,QAAI2E,MAAMjC,EAAEgC,MAAME,MAAR,EAAgBC,OAAhB,CAAwB,IAAxB,EAA8BC,KAA9B,EAAV;AACA,WAAOH,GAAP;AACH,CAJD,C,CAKA;;;;;;;AAMA/E,IAAIC,EAAJ,CAAOkF,uBAAP,GAAiC,UAAUL,KAAV,EAAiB;AAC9ClF,QAAIQ,KAAJ,CAAU,yBAAV;AACA,QAAIgF,SAAStC,EAAEgC,MAAME,MAAR,EAAgBK,MAAhB,GAAyB,CAAzB,EAA4BC,QAA5B,GAAuC,CAApD;AACA,WAAOF,MAAP;AACH,CAJD,C,CAKA;;;;;;;;;;AASApF,IAAIC,EAAJ,CAAOsF,eAAP,GAAyB,UAAUC,IAAV,EAAgBC,OAAhB,EAAyB5E,SAAzB,EAAoC;AACzDjB,QAAIQ,KAAJ,CAAU,iBAAV;;AACA,QAAIoF,SAAS,EAAb,EAAiB;AACbA,eAAOA,OAAOC,OAAd;AACH,KAFD,MAEO;AACHD,eAAOA,OAAO3E,SAAP,GAAmB4E,OAA1B;AACH;;AACD,WAAOD,IAAP;AACH,CARD,C,CASA;;;;;;;AAMAxF,IAAIC,EAAJ,CAAOyF,YAAP,GAAsB,UAAUC,KAAV,EAAiBN,MAAjB,EAAyB;AAC3CzF,QAAIQ,KAAJ,CAAU,cAAV;AACAuF,UAAMC,SAAN,GAAkB5D,OAAO6D,MAAP,CAAcR,OAAOO,SAArB,CAAlB;AACH,CAHD,C,CAIA;;;;;;;;AAOA5F,IAAIC,EAAJ,CAAO6F,cAAP,GAAwB,UAAUC,QAAV,EAAoBC,KAApB,EAA2B;AAC/CpG,QAAIQ,KAAJ,CAAU,gBAAV,EAD+C,CAE/C;;AACA2F,eAAW/F,IAAIC,EAAJ,CAAOc,mBAAP,CAA2BgF,QAA3B,EAAqC,EAArC,CAAX;AACAC,YAAQhG,IAAIC,EAAJ,CAAOc,mBAAP,CAA2BiF,KAA3B,EAAkC,EAAlC,CAAR;;AAEA,SAAK,IAAIC,QAAT,2CAAqBD,KAArB,GAA4B;AACxB,YAAIhG,IAAIC,EAAJ,CAAOQ,WAAP,CAAmBsF,SAASE,QAAT,CAAnB,CAAJ,EAA4C;AACxCF,qBAASE,QAAT,IAAqBD,MAAMC,QAAN,CAArB;AACH;AACJ;;AAED,WAAOF,QAAP;AACH,CAbD,C,CAcA;;;;;;;;;AAQA/F,IAAIC,EAAJ,CAAOiG,aAAP,GAAuB,UAAUH,QAAV,EAAoBC,KAApB,EAA2B;AAC9CpG,QAAIQ,KAAJ,CAAU,eAAV,EAD8C,CAE9C;;AACA2F,eAAW/F,IAAIC,EAAJ,CAAOc,mBAAP,CAA2BgF,QAA3B,EAAqC,EAArC,CAAX;AACAC,YAAQhG,IAAIC,EAAJ,CAAOc,mBAAP,CAA2BiF,KAA3B,EAAkC,EAAlC,CAAR;AAEA,QAAIG,eAAe,CAAnB;;AACA,SAAKA,eAAe,CAApB,EAAuBA,eAAeH,MAAM9D,MAA5C,EAAoDiE,cAApD,EAAoE;AAChEJ,iBAASK,IAAT,CAAcJ,MAAMG,YAAN,CAAd;AACH;;AAED,WAAOJ,QAAP;AACH,CAZD,C,CAaA;;;;;;;AAMA/F,IAAIC,EAAJ,CAAOoG,MAAP,GAAgB,UAAUlG,KAAV,EAAiB4B,MAAjB,EAAyB;AACrC,QAAImD,QAAQ/E,MAAMgB,OAAN,CAAcY,MAAd,CAAZ;;AACA,QAAImD,QAAQ,CAAC,CAAb,EAAgB;AACZ/E,cAAMmG,MAAN,CAAapB,KAAb,EAAoB,CAApB;AACH;AACJ,CALD,C,CAMA;;;;;;;;AAOAlF,IAAIC,EAAJ,CAAOsG,eAAP,GAAyB,UAAUpG,KAAV,EAAiB8F,QAAjB,EAA2B;AAChD,QAAIT,OAAO,EAAX;AACA,QAAIgB,eAAe,CAAnB;;AACA,SAAKA,eAAe,CAApB,EAAuBA,eAAerG,MAAM+B,MAA5C,EAAoDsE,cAApD,EAAoE;AAChEhB,aAAKY,IAAL,CAAUjG,MAAMqG,YAAN,EAAoBP,QAApB,CAAV;AACH;;AACD,WAAOT,IAAP;AACH,CAPD,C,CAQA;;;;;;;;AAOAxF,IAAIC,EAAJ,CAAOwG,YAAP,GAAsB,UAAUC,OAAV,EAAmBtB,MAAnB,EAA2B5B,QAA3B,EAAqC;AACvD,QAAImD,YAAYnD,SAASV,CAAT,CAAW,MAAM4D,OAAjB,EAA0BE,IAA1B,CAA+B,kBAAkBxB,MAAlB,GAA2B,GAA1D,CAAhB;AAEA,QAAIyB,QAAQF,UAAUG,KAAV,EAAZ;AACAH,cAAUI,KAAV,CAAgBF,KAAhB;AACArD,aAASV,CAAT,CAAW+D,KAAX,EAAkBD,IAAlB,CAAuB,iBAAvB,EAA0CnD,IAA1C,CAA+C,UAAUyB,KAAV,EAAiB;AAC5D1B,iBAASV,CAAT,CAAW,IAAX,EAAiBY,GAAjB,CAAqB,EAArB;AACH,KAFD;AAGH,CARD,C,CASA;;;;;;;AAMA1D,IAAIC,EAAJ,CAAO+G,KAAP,GAAe,UAAUC,GAAV,EAAe;AAC1B,QAAIA,MAAM,CAAN,KAAY,CAAhB,EAAmB;AACf,eAAO,KAAP;AACH,KAFD,MAEO;AACH,eAAO,IAAP;AACH;AACJ,CAND,C,CAOA;;;;;;;AAMAjH,IAAIC,EAAJ,CAAOiH,MAAP,GAAgB,UAAUD,GAAV,EAAe;AAC3B,QAAIA,MAAM,CAAN,KAAY,CAAhB,EAAmB;AACf,eAAO,IAAP;AACH,KAFD,MAEO;AACH,eAAO,KAAP;AACH;AACJ,CAND,C,CAOA;;;;;;;;;AAQAjH,IAAIC,EAAJ,CAAOkH,gBAAP,GAA0B,UAAUhH,KAAV,EAAiBiH,aAAjB,EAAgCC,SAAhC,EAA2C;AACjE,QAAInC,QAAQ/E,MAAMgB,OAAN,CAAciG,aAAd,CAAZ;AACAjH,UAAMmG,MAAN,CAAapB,KAAb,EAAoB,CAApB;AACA/E,UAAMmG,MAAN,CAAapB,KAAb,EAAoB,CAApB,EAAuBmC,SAAvB;AACA,WAAOlH,KAAP;AACH,CALD,C,CAMA;;;;;;;AAMAH,IAAIC,EAAJ,CAAOqH,UAAP,GAAoB,UAAUvF,MAAV,EAAkB;AAClC,WAAOwF,KAAKC,KAAL,CAAWD,KAAKE,SAAL,CAAe1F,MAAf,CAAX,CAAP;AACH,CAFD,C,CAGA;;;;;;;AAMA/B,IAAIC,EAAJ,CAAOyH,cAAP,GAAwB,UAAUC,QAAV,EAAoBC,MAApB,EAA4B;AAChD,SAAK,IAAI3B,QAAT,2CAAqB0B,QAArB,GAA+B;AAC3BC,eAAO3B,QAAP,IAAmB0B,SAAS1B,QAAT,CAAnB;AACH;AACJ,CAJD,C,CAKA;;;;;;;AAMAjG,IAAIC,EAAJ,CAAO4H,gBAAP,GAA0B,UAAU9F,MAAV,EAAkB;AACxC,WAAOC,OAAOC,IAAP,CAAYF,MAAZ,EAAoBG,MAA3B;AACH,CAFD,C,CAGA;;;;;;;AAMAlC,IAAIC,EAAJ,CAAO6H,aAAP,GAAuB,UAAU3H,KAAV,EAAiB;AACpCA,YAAQH,IAAIC,EAAJ,CAAOc,mBAAP,CAA2BZ,KAA3B,EAAkC,EAAlC,CAAR;AACA,QAAI4H,eAAe,EAAnB;;AACA,SAAK,IAAIC,UAAU,CAAnB,EAAsBA,UAAU7H,MAAM+B,MAAtC,EAA8C8F,SAA9C,EAAyD;AACrDD,uBAAeA,eAAe5H,MAAM6H,OAAN,EAAerF,QAAf,EAA9B;AACH;;AACD,WAAOoF,YAAP;AACH,CAPD,C,CAQA;;;;;;;;;AAQA/H,IAAIC,EAAJ,CAAOgI,YAAP,GAAsB,UAAUC,GAAV,EAAeC,GAAf,EAAoB;AAAG;AACzC,QAAIC,YAAYC,KAAKC,KAAL,CAAWD,KAAKE,MAAL,MAAiBJ,MAAMD,GAAN,GAAY,CAA7B,CAAX,IAA8CA,GAA9D;AACA,WAAOG,KAAKG,KAAL,CAAWJ,SAAX,CAAP;AACH,CAHD,C,CAIA;;;;;;AAKApI,IAAIC,EAAJ,CAAOwI,aAAP,GAAuB,YAAY;AAAG;AAClC,QAAIC,eAAe1I,IAAIC,EAAJ,CAAOgI,YAAP,CAAoB,CAApB,EAAuB,CAAvB,CAAnB;;AACA,QAAIS,iBAAiB,CAArB,EAAwB;AACpB,eAAO,IAAP;AACH,KAFD,MAEO;AACH,eAAO,KAAP;AACH;AACJ,CAPD,C,CAQA;;;;;;;AAMA1I,IAAIC,EAAJ,CAAO0I,eAAP,GAAyB,UAAUC,UAAV,EAAsB;AAC3CA,iBAAa5I,IAAIC,EAAJ,CAAOc,mBAAP,CAA2B6H,UAA3B,EAAuC,CAAvC,CAAb;AACA,QAAIC,aAAa,CAAC,KAAD,EAAQ,KAAR,EAAe,KAAf,EAAsB,KAAtB,EAA6B,KAA7B,EAAoC,KAApC,EAA2C,KAA3C,EAAkD,KAAlD,EAAyD,KAAzD,EAAgE,KAAhE,EAAuE,KAAvE,EAA8E,KAA9E,CAAjB;AACA,QAAInG,OAAO,IAAIoG,IAAJ,CAAS,IAAIA,IAAJ,GAAWC,OAAX,KAAuB,KAAK,EAAL,GAAU,EAAV,GAAe,IAAf,GAAsBH,UAAtD,CAAX;AACA,QAAI5F,MAAMN,KAAKsG,OAAL,EAAV;AACA,QAAI/F,QAAQP,KAAKuG,QAAL,EAAZ;AACA,QAAI/F,OAAOR,KAAKwG,WAAL,EAAX;;AAEA,QAAIlG,MAAM,EAAV,EAAc;AACVA,cAAM,MAAMA,GAAZ;AACH;;AACDN,WAAOM,MAAM,GAAN,GAAY6F,WAAW5F,KAAX,CAAZ,GAAgC,GAAhC,GAAsCC,IAA7C;AACA,WAAOR,IAAP;AACH,CAbD","file":"/lib/JSLib.js.map","sourcesContent":["//A library used to make JS coding easier and add some simple function to JS\nvar log = new Logger('Lib.JS.js', CLL.error);\n\nif (typeof Lib === 'undefined') {\n    Lib = {};\n}\nLib.JS = {};\n/**\n * This will create a new copy of the array passed in, instead of pointing to the old array\n * \n * @param array {array} The array the will be copied\n * @return {array} Returns a new array not connected to the old one.\n */\nLib.JS.CreateNewArray = function (array) {\n    log.trace(\"CreateNewArray\");\n    return array.slice();\n};\n/**\n * This will verify that the callback exsits and is a function\n * \n * @param callback {Function} the string you want to look at.\n * @return {Boolean} Returns true if the callback is a function and exists\n */\nLib.JS.verifyCallback = function (callback) {\n    log.trace(\"verifyCallback\");\n    var isValidFunction = true;\n\n    if (Lib.JS.isUndefined(callback) || !Lib.JS.isFunction(callback)) {\n        isValidFunction = false;\n    }\n\n    return isValidFunction;\n};\n/**\n * This will look at through a @stringValue for anything the matches the @delimiter.  It will then return the position of\n * the @delimiter found after skipping a number of then determined by @numDel -1.\n * Example: @stringValue \"http://localhost:3030/Students\" but you want the position of the third \"/\"\n *      Lib.JS.GetPosWithSkip(\"http://localhost:3030/Students\", \"/\", 3)\n * \n * @param stringVal {String} the string you want to look at.\n * @param delimiter {String} the deilimter your looking for.\n * @param numDel {Number} number of delimters to skip, defaults to .\n * @return {String} Returns some sample string, will return -1 if their are fewer delimters than (@numDelToSkip)\n */\nLib.JS.getPosition = function (stringVal, delimiter, numDel) {\n    log.trace(\"GetPosWithSkip\");\n    Lib.JS.setDefaultParameter(numDel, 0);\n    var currentDelPos = 0;\n    var totalDelPos = 0;\n    for (var delCounter = 0; delCounter < numDel - 1; delCounter++) {\n        currentDelPos = stringVal.indexOf(delimiter);\n        stringVal = stringVal.right(currentDelPos);\n        totalDelPos = totalDelPos + currentDelPos + 1;\n    }\n    totalDelPos = totalDelPos + stringVal.indexOf(delimiter);\n    return totalDelPos;\n};\n/**\n * This will insert @stringToInsert into @stringVal to the left of position @position\n * Example: Lib.JS.insertAt(\"0123456\", 4, '**') = \"0123**456\"\n * \n * @param stringVal {String} the string you want to look at.\n * @param position {Number} the poistion.\n * @param stringToInsert {String} the string you want to insert.\n * @return {String} Returns This will return everything in the string to the Rigth of the @position\n */\nLib.JS.insertAt = function (stringVal, position, stringToInsert) {\n    log.trace(\"Left\");\n    var left = stringVal.left(position);\n    var right = stringVal.right(position - 1);\n    stringVal = left + stringToInsert + right;\n\n    return stringVal;\n};\n/**\n * This will replace all, instead of the normal JS replace that only replaces the first \n * instance it finds.\n * \n * @param string {string} the string you want to replace parts of.\n * @param search {string} the string patterns you want replaced\n * @param replacement {string} the string pattern to the search pattern to be replaced with.\n * @return {string} Returns the original string exect it will convert all the search patterns to replacement\n */\nLib.JS.replace = function (string, search, replacement) {\n    log.trace(\"replace\");\n    return string.replace(new RegExp(search, 'g'), replacement);\n};\n/**\n * This will check to see if an obejct is empty.  And empty obejct has 0 properties and is an object.\n * \n * @param object {object} the object ot test\n * @return {boolean} Returns true if the object is empty, false if not.\n */\nLib.JS.IsEmptyObject = function (object) {\n    log.trace(\"IsEmptyObject\");\n    if (Object.keys(object).length === 0 && object.constructor === Object) {\n        return true;\n    }\n    return false;\n};\n/**\n * This will convert a string value to a integer.  If the string is not a number then it default to a 0;\n * \n * @param stringValue {string} the string to be converted into an ingeter.\n * @return {int} Returns the integer value of the string, or 0 it strin gis not a integer.\n */\nLib.JS.StringToInt = function (stringValue) {\n    log.trace(\"StringToInt\");\n    var number = 0;\n    if (Lib.JS.isNumber(stringValue)) {\n        number = parseInt(stringValue);\n    }\n    return number;\n};\n/**\n * This will check if a date value is a valid date.  It will check if the date/month/year combo is actauly value, assuming the dd/mmm/yyyy format\n * for example 32/14/2013 is not a valid date even though the format is correct.\n * \n * @param date {date} the date to check\n * @return {boolean} Returns true if the date is valid, false if not\n */\nLib.JS.isDate = function (date) {\n    log.trace(\"isDate\");\n    date = date.toString();\n    var datePieces = date.split(\"/\");\n\n    if (datePieces.length !== 3) {\n        return false;\n    }\n\n    if (!$.isNumeric(datePieces[0]) || !$.isNumeric(datePieces[2])) {\n        return false;\n    }\n\n    var day = parseInt(datePieces[0]);\n    var month = datePieces[1];\n    var year = parseInt(datePieces[2]);\n\n    if (day > 31 || day < 0) {\n        return false;\n    }\n\n    if (year > 5000 || year < 0) {\n        return false;\n    }\n\n    var months = [\"Jan\", \"Feb\", \"Mar\", \"Apr\", \"May\", \"Jun\", \"Jul\", \"Aug\", \"Sep\", \"Oct\", \"Nov\", \"Dec\"];\n    if (months.indexOf(month) === -1) {\n        return false;\n    }\n\n    if (month === \"Feb\" && day > 28) {\n        return false;\n    }\n\n    if (month === \"Apr\" || month === \"Jun\" || month === \"Sep\" || month === \"Nov\") {\n        if (day > 30) {\n            return false;\n        }\n    }\n\n    return true;\n};\n/**\n * This will log an error if the error exists, otherwise it will trace log that the error is undifined.\n * \n * @param log {logger} the logger to use\n * @param error {string} the erro string\n * @return {boolean} Returns true is their is an error and false no error exists\n */\nLib.JS.logError = function (log, error) {\n    log.trace(\"logError\");\n    if (typeof error !== 'undefined') {\n        log.error(\"Error:\" + error);\n        return true;\n    } else {\n        log.trace(\"Error:undefined\");\n    }\n    return false;\n};\n/**\n * This will check if a string is empty or undifined\n * \n * @param string {string} the string to check\n * @return {boolean} Returns true if the string is empty, false if not\n */\nLib.JS.isSTREmpty = function (string) {\n    log.trace(\"isSTREmpty\");\n    log.debug(\"string:\" + string);\n\n    if (typeof string === 'undefined') {\n        return true;\n    }\n\n    if (string === \"\") {\n        return true;\n    }\n\n    return false;\n};\n/**\n * This will go through a template and erase all the values form input DOM objects on that templte\n * \n * @param template {template}\n */\nLib.JS.clearInputs = function (template) {\n    log.trace(\"clearInputs\");\n    //clear text boxes\n    template.$('input').each(function () {\n        template.$(this).val(\"\");\n    });\n\n    template.$('textarea').each(function () {\n        template.$(this).val(\"\");\n    });\n\n    //un tick tick boxes\n    template.$('input:checkbox').each(function () {\n        template.$(this).prop(\"checked\", false);\n    });\n};\n/**\n * This will return the defaultVal if the parameter is undefined\n * \n * @param template {template}\n */\nLib.JS.setDefaultParameter = function (parameter, defaultVal) {\n    log.trace(\"setDefaultParameter\");\n    if (Lib.JS.isUndefined(parameter)) {\n        parameter = defaultVal;\n    }\n    return parameter;\n};\n/**\n * This will check a series of parameters to make sure they are not undifined\n * \n * @param parameterArray {2D Array} An array, where each element is an array with 2 eleements.  [0] is the parameters to check, and [1] is the logs error message\n * @param otherLog {Logger} The Logger to use to errors\n * @returns (boolean) Returns false if all parameters are defined, return true one or more of the parameters are undifined\n */\nLib.JS.checkParameters = function (parameterArray, otherLog) {\n    log.trace(\"checkParameters\");\n    var parameterCounter = 0;\n    var isFail = false;\n    for (parameterCounter = 0; parameterCounter < parameterArray.length; parameterCounter++) {\n        if (parameterArray[parameterCounter].length !== 2) {\n            log.error(\"Wrong number of parameters\");\n            otherLog.error(\"Wrong number of parameters\");\n            return true;\n        }\n        if (Lib.JS.isUndefined(parameterArray[parameterCounter][0])) {\n            otherLog.error(parameterArray[parameterCounter][1]);\n            isFail = true;\n        }\n    }\n    return isFail;\n};\n/**\n * This will check a single parameters to make sure it is not undifined\n * \n * @param parameter {object} An object to test\n * @param errorMessage {string} The error message to use if the paramter fails\n * @param otherLog {Logger} The Logger to use to errors\n * @returns (boolean) Returns false if the parameter is defined else return true\n */\nLib.JS.checkParameter = function (parameter, errorMessage, otherLog) {\n    log.trace(\"checkParameter\");\n    if (typeof parameter === 'undefined') {\n        otherLog.error(errorMessage);\n        return true;\n    }\n    return false;\n};\n/**\n * This will check an object to see if it is not undifined and not null\n * \n * @param parameter {object} An object to test\n * @returns (boolean) Returns false if the parameter is defined else return true\n */\nLib.JS.isDefined = function (parameter) {\n    log.trace(\"isDefined\");\n    if(!Lib.JS.isUndefined(parameter) && !Lib.JS.isNull(parameter)){\n        return true;\n    }\n    return false;\n};\n/**\n * This will check an object to see if it is undifined\n * \n * @param parameter {object} An object to test\n * @returns (boolean) Returns false if the parameter is defined else return true\n */\nLib.JS.isUndefined = function (parameter) {\n    log.trace(\"isUndefined\");\n    if (typeof parameter === 'undefined') {\n        return true;\n    }\n    return false;\n};\n/**\n * This will check an object to see if it is undifined or an empty string\n * \n * @param parameter {object} An object to test\n * @returns (boolean) Returns false if the parameter is defined else return true\n */\nLib.JS.isUndefinedOrEmpty = function (parameter) {\n    log.trace(\"isUndefined\");\n    if(Lib.JS.isUndefined(parameter) || parameter === \"\"){\n        return true;\n    }\n    return false;\n};\n/**\n * This will check an object to see if it is null\n * \n * @param parameter {object} An object to test\n * @returns (boolean) Returns false if the parameter is not null else return true\n */\nLib.JS.isNull = function (parameter) {\n    log.trace(\"isNull\");\n    if (parameter === null && typeof parameter === \"object\") {\n        return true;\n    }\n    return false;\n};\n/**\n * This will check an object to see if it is a number\n * \n * @param parameter {object} An object to test\n * @returns (boolean) Returns true is the parameter is a number else false\n */\nLib.JS.isNumber = function (parameter) {\n    log.trace(\"isInt\");\n    return $.isNumeric(parameter);\n};\n/**\n * This will check an object to see if it is a string\n * \n * @param parameter {object} An object to test\n * @returns (boolean) Returns true is the parameter is a string else false\n */\nLib.JS.isString = function (parameter) {\n    log.trace(\"isString\");\n    if (typeof parameter === 'string') {\n        return true;\n    }\n    return false;\n};\n/**\n * This will check an object to see if it is a array\n * \n * @param parameter {object} An object to test\n * @returns (boolean) Returns true is the parameter is a array else false\n */\nLib.JS.isArray = function (parameter) {\n    log.trace(\"isArray\");\n    if (parameter.constructor === Array) {\n        return true;\n    }\n    return false;\n};\n/**\n * This will check an object to see if it is a function\n * \n * @param parameter {object} An object to test\n * @returns (boolean) Returns true is the parameter is a function else false\n */\nLib.JS.isFunction = function (parameter) {\n    log.trace(\"isFunction\");\n    if (typeof parameter === 'function') {\n        return true;\n    }\n    return false;\n};\n/**\n * This will check an object to see if it is a bit\n * \n * @param parameter {object} An object to test\n * @returns (boolean) Returns true is the parameter is a bit else false\n */\nLib.JS.isBit = function (parameter) {\n    log.trace(\"isBit\");\n    if (typeof parameter === 'boolean') {\n        return true;\n    } else if (typeof parameter === 'number' && (parameter === 0 || parameter === 1)) {\n        return true;\n    } else if (typeof parameter === 'string' && (parameter.toLowerCase() === 'true' || parameter.toLowerCase() === 'false')) {\n        return true;\n    }\n    return false;\n};\n/**\n * This will get the row of a table given it's click event\n * \n * @param event {event} The click event created when a user clicks on a table\n * @returns (<TR>) Returns the row number the user clicked on.\n */\nLib.JS.getRowNumClicked = function (event) {\n    log.trace(\"getRowNumClicked\");\n    var row = $(event.target).parents('tr').index();\n    return row;\n};\n/**\n * This will get the row number of a table given it's click event\n * \n * @param event {event} The click event created when a user clicks on a table\n * @returns (int) Returns the row number the user clicked on.\n */\nLib.JS.getTableRowNumFromEvent = function (event) {\n    log.trace(\"getTableRowNumFromEvent\");\n    var rowNum = $(event.target).parent()[0].rowIndex - 1;\n    return rowNum;\n};\n/**\n * This will is designed to add strings to a string delimted list.  It simply chekc if the list is empty, if it is then\n * the list become the newItem else it appends it with the delimter\n * \n * @param list {string} The list of delmited strings\n * @param newItem {string} The string to add to the list\n * @param delimiter {string}\n * @returns (string) Returns the lsit with the newItem added to the list\n */\nLib.JS.addToStringList = function (list, newItem, delimiter) {\n    log.trace(\"addToStringList\");\n    if (list === \"\") {\n        list = list + newItem;\n    } else {\n        list = list + delimiter + newItem;\n    }\n    return list;\n};\n/**\n * This will create OOP inheritence\n * \n * @param child {object}\n * @param parent {object}\n */\nLib.JS.inheritsFrom = function (child, parent) {\n    log.trace(\"inheritsFrom\");\n    child.prototype = Object.create(parent.prototype);\n};\n/**\n * This will add all the properites from the giver object to the receiver object\n * \n * @param receiver {object}\n * @param giver {object}\n * @returns (object) Returns the new receiver\n */\nLib.JS.combineObjects = function (receiver, giver) {\n    log.trace(\"combineObjects\");\n    //this will take add all the properites from the giver object to the receiver object\n    receiver = Lib.JS.setDefaultParameter(receiver, {});\n    giver = Lib.JS.setDefaultParameter(giver, {});\n\n    for (var property in giver) {\n        if (Lib.JS.isUndefined(receiver[property])) {\n            receiver[property] = giver[property];\n        }\n    }\n\n    return receiver;\n};\n/**\n * This will push all the elements from the giver array to the receiver array.  The giver elements end up at the end of\n * the reciver array.\n * \n * @param receiver {object}\n * @param giver {object}\n * @returns (object) Returns the new receiver\n */\nLib.JS.combineArrays = function (receiver, giver) {\n    log.trace(\"combineArrays\");\n    //this will take add all the properites from the giver object to the receiver object\n    receiver = Lib.JS.setDefaultParameter(receiver, []);\n    giver = Lib.JS.setDefaultParameter(giver, []);\n\n    var giverCounter = 0;\n    for (giverCounter = 0; giverCounter < giver.length; giverCounter++) {\n        receiver.push(giver[giverCounter]);\n    }\n\n    return receiver;\n};\n/**\n * This will remove an object from an array\n * \n * @param array {array}\n * @param object {object}\n */\nLib.JS.remove = function (array, object) {\n    var index = array.indexOf(object);\n    if (index > -1) {\n        array.splice(index, 1);\n    }\n};\n/**\n * This will take an array of objects, and extract the property from all of those objects.\n * \n * @param array {array}\n * @param property {property}\n * @returns (array) Returns a list of object properties\n */\nLib.JS.getPropertyList = function (array, property) {\n    var list = [];\n    var arrayCounter = 0;\n    for (arrayCounter = 0; arrayCounter < array.length; arrayCounter++) {\n        list.push(array[arrayCounter][property]);\n    }\n    return list;\n};\n/**\n * This will add a new row to a HTML table that is a copy the row based on the row number\n * \n * @param tableID {string}\n * @param rowNum {int}\n * @param template {template}\n */\nLib.JS.duplicateRow = function (tableID, rowNum, template) {\n    var rowToCopy = template.$('#' + tableID).find('tr:nth-child(' + rowNum + ')');\n\n    var trNew = rowToCopy.clone();\n    rowToCopy.after(trNew);\n    template.$(trNew).find('textarea, input').each(function (index) {\n        template.$(this).val(\"\");\n    });\n};\n/**\n * This will check an number to see if it is odd\n * \n * @param num {int} An object to test\n * @returns (boolean) Returns true is the num is odd else false\n */\nLib.JS.isOdd = function (num) {\n    if (num % 2 === 0) {\n        return false;\n    } else {\n        return true;\n    }\n}\n/**\n * This will check an number to see if it is even\n * \n * @param num {int} An object to test\n * @returns (boolean) Returns true is the num is even else false\n */\nLib.JS.isEven = function (num) {\n    if (num % 2 === 0) {\n        return true;\n    } else {\n        return false;\n    }\n};\n/**\n * This will replace the itemToReplace with itemToAdd in array\n * \n * @param array {array}\n * @param itemToReplace {object}\n * @param itemToAdd {object}\n * @returns (boolean) Returns new array.\n */\nLib.JS.replaceArrayItem = function (array, itemToReplace, itemToAdd) {\n    var index = array.indexOf(itemToReplace);\n    array.splice(index, 1);\n    array.splice(index, 0, itemToAdd);\n    return array;\n};\n/**\n * This will create a brand new copy of an object instead of creating a pointer to the object\n * \n * @param object {object}\n * @returns (object) Returns new object\n */\nLib.JS.copyObject = function (object) {\n    return JSON.parse(JSON.stringify(object));\n};\n/**\n * This will copy all the properties from one object to another\n * \n * @param copyFrom {object}\n * @param CopyTo {object}\n */\nLib.JS.copyProperties = function (copyFrom, CopyTo) {\n    for (var property in copyFrom) {\n        CopyTo[property] = copyFrom[property];\n    }\n};\n/**\n * This will count the number of properites an object has\n * \n * @param object {object}\n * @returns {int} Retruns the number of properties\n */\nLib.JS.getNumProperties = function (object) {\n    return Object.keys(object).length;\n};\n/**\n * This will take an array of string and contactinate them into 1 string\n * \n * @param array {array}\n * @returns {string} Retruns the new string\n */\nLib.JS.arrayToString = function (array) {\n    array = Lib.JS.setDefaultParameter(array, []);\n    var returnString = \"\";\n    for (var counter = 0; counter < array.length; counter++) {\n        returnString = returnString + array[counter].toString();\n    }\n    return returnString;\n};\n/**\n * This will generate a randome int using the min and max as the range, inclusive\n * Lib.JS.getRandomInt(1,5) -> can get 1,2,3,4,5\n * \n * @param min {int}\n * @param max {int}\n * @returns {int} Retruns random int between min and max\n */\nLib.JS.getRandomInt = function (min, max) {\t\t//Gets a random number\n    var randomNum = Math.floor(Math.random() * (max - min + 1)) + min;\n    return Math.round(randomNum);\n};\n/**\n * This will generate a boolean value\n * \n * @returns {boolean}\n */\nLib.JS.getRandomBool = function () {\t\t//Gets a boolean value\n    var randomNumber = Lib.JS.getRandomInt(0, 1);\n    if (randomNumber === 1) {\n        return true;\n    } else {\n        return false;\n    }\n};\n/**\n * This will create a formateed date the is today + numDaysMod\n * \n * @param numDaysMod {int}\n * @returns {date} Retruns formateed date\n */\nLib.JS.getFormatedDate = function (numDaysMod) {\n    numDaysMod = Lib.JS.setDefaultParameter(numDaysMod, 0);\n    var monthNames = [\"Jan\", \"Feb\", \"Mar\", \"Apr\", \"May\", \"Jun\", \"Jul\", \"Aug\", \"Sep\", \"Oct\", \"Nov\", \"Dec\"];\n    var date = new Date(new Date().getTime() + 24 * 60 * 60 * 1000 * numDaysMod);\n    var day = date.getDate();\n    var month = date.getMonth();\n    var year = date.getFullYear();\n\n    if (day < 10) {\n        day = '0' + day;\n    }\n    date = day + '-' + monthNames[month] + '-' + year;\n    return date;\n}"]},"hash":"dfd6c95334751ed8b342a24260c658b85d51b0cb"}
