{"metadata":{"usedHelpers":["typeof","interopRequireDefault"],"marked":[],"modules":{"imports":[],"exports":{"exported":[],"specifiers":[]}}},"options":{"filename":"/packages/webapp/webapp_server.js","filenameRelative":"/packages/webapp/webapp_server.js","env":{"development":{"plugins":[]}},"retainLines":false,"highlightCode":true,"suppressDeprecationMessages":false,"presets":[],"plugins":[[[],{"polyfill":false}],[[],null],[[],null],[[],{"allowTopLevelThis":true,"strict":false,"loose":true}],[[],null],[[],null],[[],null],[[],null],[[],null],[[],null],[[],null],[[],null],[[],null],[[],null],[[],null],[[],null],[[],null],[[],{"loose":true}],[[],{"loose":true}],[[],null],[[],{"loose":true}],[[],null],[[],null],[[],null],[[],null],[[],null],[[],null],[[],{"loose":true}],[[],null],[[],null],[[],null],[[],null],[[],null],[[],null],[[],null]],"ignore":[],"code":true,"metadata":true,"ast":false,"comments":true,"compact":false,"minified":false,"sourceMap":true,"sourceMaps":true,"sourceMapTarget":"/packages/webapp/webapp_server.js.map","sourceFileName":"/packages/webapp/webapp_server.js","babelrc":false,"sourceType":"module","moduleIds":false,"passPerPreset":false,"parserOpts":false,"generatorOpts":false,"basename":"webapp_server"},"ignored":false,"code":"var _typeof2 = require(\"babel-runtime/helpers/typeof\");\n\nvar _typeof3 = _interopRequireDefault(_typeof2);\n\nfunction _interopRequireDefault(obj) { return obj && obj.__esModule ? obj : { \"default\": obj }; }\n\n////////// Requires //////////\nvar fs = Npm.require(\"fs\");\n\nvar http = Npm.require(\"http\");\n\nvar os = Npm.require(\"os\");\n\nvar path = Npm.require(\"path\");\n\nvar url = Npm.require(\"url\");\n\nvar crypto = Npm.require(\"crypto\");\n\nvar connect = Npm.require('connect');\n\nvar parseurl = Npm.require('parseurl');\n\nvar useragent = Npm.require('useragent');\n\nvar send = Npm.require('send');\n\nvar Future = Npm.require('fibers/future');\n\nvar Fiber = Npm.require('fibers');\n\nvar SHORT_SOCKET_TIMEOUT = 5 * 1000;\nvar LONG_SOCKET_TIMEOUT = 120 * 1000;\nWebApp = {};\nWebAppInternals = {};\nWebAppInternals.NpmModules = {\n  connect: {\n    version: Npm.require('connect/package.json').version,\n    module: connect\n  }\n};\nWebApp.defaultArch = 'web.browser'; // XXX maps archs to manifests\n\nWebApp.clientPrograms = {}; // XXX maps archs to program path on filesystem\n\nvar archPath = {};\n\nvar bundledJsCssUrlRewriteHook = function (url) {\n  var bundledPrefix = __meteor_runtime_config__.ROOT_URL_PATH_PREFIX || '';\n  return bundledPrefix + url;\n};\n\nvar sha1 = function (contents) {\n  var hash = crypto.createHash('sha1');\n  hash.update(contents);\n  return hash.digest('hex');\n};\n\nvar readUtf8FileSync = function (filename) {\n  return Meteor.wrapAsync(fs.readFile)(filename, 'utf8');\n}; // #BrowserIdentification\n//\n// We have multiple places that want to identify the browser: the\n// unsupported browser page, the appcache package, and, eventually\n// delivering browser polyfills only as needed.\n//\n// To avoid detecting the browser in multiple places ad-hoc, we create a\n// Meteor \"browser\" object. It uses but does not expose the npm\n// useragent module (we could choose a different mechanism to identify\n// the browser in the future if we wanted to).  The browser object\n// contains\n//\n// * `name`: the name of the browser in camel case\n// * `major`, `minor`, `patch`: integers describing the browser version\n//\n// Also here is an early version of a Meteor `request` object, intended\n// to be a high-level description of the request without exposing\n// details of connect's low-level `req`.  Currently it contains:\n//\n// * `browser`: browser identification object described above\n// * `url`: parsed url, including parsed query params\n//\n// As a temporary hack there is a `categorizeRequest` function on WebApp which\n// converts a connect `req` to a Meteor `request`. This can go away once smart\n// packages such as appcache are being passed a `request` object directly when\n// they serve content.\n//\n// This allows `request` to be used uniformly: it is passed to the html\n// attributes hook, and the appcache package can use it when deciding\n// whether to generate a 404 for the manifest.\n//\n// Real routing / server side rendering will probably refactor this\n// heavily.\n// e.g. \"Mobile Safari\" => \"mobileSafari\"\n\n\nvar camelCase = function (name) {\n  var parts = name.split(' ');\n  parts[0] = parts[0].toLowerCase();\n\n  for (var i = 1; i < parts.length; ++i) {\n    parts[i] = parts[i].charAt(0).toUpperCase() + parts[i].substr(1);\n  }\n\n  return parts.join('');\n};\n\nvar identifyBrowser = function (userAgentString) {\n  var userAgent = useragent.lookup(userAgentString);\n  return {\n    name: camelCase(userAgent.family),\n    major: +userAgent.major,\n    minor: +userAgent.minor,\n    patch: +userAgent.patch\n  };\n}; // XXX Refactor as part of implementing real routing.\n\n\nWebAppInternals.identifyBrowser = identifyBrowser;\n\nWebApp.categorizeRequest = function (req) {\n  return _.extend({\n    browser: identifyBrowser(req.headers['user-agent']),\n    url: url.parse(req.url, true)\n  }, _.pick(req, 'dynamicHead', 'dynamicBody'));\n}; // HTML attribute hooks: functions to be called to determine any attributes to\n// be added to the '<html>' tag. Each function is passed a 'request' object (see\n// #BrowserIdentification) and should return null or object.\n\n\nvar htmlAttributeHooks = [];\n\nvar getHtmlAttributes = function (request) {\n  var combinedAttributes = {};\n\n  _.each(htmlAttributeHooks || [], function (hook) {\n    var attributes = hook(request);\n    if (attributes === null) return;\n    if ((typeof attributes === \"undefined\" ? \"undefined\" : (0, _typeof3.default)(attributes)) !== 'object') throw Error(\"HTML attribute hook must return null or object\");\n\n    _.extend(combinedAttributes, attributes);\n  });\n\n  return combinedAttributes;\n};\n\nWebApp.addHtmlAttributeHook = function (hook) {\n  htmlAttributeHooks.push(hook);\n}; // Serve app HTML for this URL?\n\n\nvar appUrl = function (url) {\n  if (url === '/favicon.ico' || url === '/robots.txt') return false; // NOTE: app.manifest is not a web standard like favicon.ico and\n  // robots.txt. It is a file name we have chosen to use for HTML5\n  // appcache URLs. It is included here to prevent using an appcache\n  // then removing it from poisoning an app permanently. Eventually,\n  // once we have server side routing, this won't be needed as\n  // unknown URLs with return a 404 automatically.\n\n  if (url === '/app.manifest') return false; // Avoid serving app HTML for declared routes such as /sockjs/.\n\n  if (RoutePolicy.classify(url)) return false; // we currently return app HTML on all URLs by default\n\n  return true;\n}; // We need to calculate the client hash after all packages have loaded\n// to give them a chance to populate __meteor_runtime_config__.\n//\n// Calculating the hash during startup means that packages can only\n// populate __meteor_runtime_config__ during load, not during startup.\n//\n// Calculating instead it at the beginning of main after all startup\n// hooks had run would allow packages to also populate\n// __meteor_runtime_config__ during startup, but that's too late for\n// autoupdate because it needs to have the client hash at startup to\n// insert the auto update version itself into\n// __meteor_runtime_config__ to get it to the client.\n//\n// An alternative would be to give autoupdate a \"post-start,\n// pre-listen\" hook to allow it to insert the auto update version at\n// the right moment.\n\n\nMeteor.startup(function () {\n  var calculateClientHash = WebAppHashing.calculateClientHash;\n\n  WebApp.clientHash = function (archName) {\n    archName = archName || WebApp.defaultArch;\n    return calculateClientHash(WebApp.clientPrograms[archName].manifest);\n  };\n\n  WebApp.calculateClientHashRefreshable = function (archName) {\n    archName = archName || WebApp.defaultArch;\n    return calculateClientHash(WebApp.clientPrograms[archName].manifest, function (name) {\n      return name === \"css\";\n    });\n  };\n\n  WebApp.calculateClientHashNonRefreshable = function (archName) {\n    archName = archName || WebApp.defaultArch;\n    return calculateClientHash(WebApp.clientPrograms[archName].manifest, function (name) {\n      return name !== \"css\";\n    });\n  };\n\n  WebApp.calculateClientHashCordova = function () {\n    var archName = 'web.cordova';\n    if (!WebApp.clientPrograms[archName]) return 'none';\n    return calculateClientHash(WebApp.clientPrograms[archName].manifest, null, _.pick(__meteor_runtime_config__, 'PUBLIC_SETTINGS'));\n  };\n}); // When we have a request pending, we want the socket timeout to be long, to\n// give ourselves a while to serve it, and to allow sockjs long polls to\n// complete.  On the other hand, we want to close idle sockets relatively\n// quickly, so that we can shut down relatively promptly but cleanly, without\n// cutting off anyone's response.\n\nWebApp._timeoutAdjustmentRequestCallback = function (req, res) {\n  // this is really just req.socket.setTimeout(LONG_SOCKET_TIMEOUT);\n  req.setTimeout(LONG_SOCKET_TIMEOUT); // Insert our new finish listener to run BEFORE the existing one which removes\n  // the response from the socket.\n\n  var finishListeners = res.listeners('finish'); // XXX Apparently in Node 0.12 this event was called 'prefinish'.\n  // https://github.com/joyent/node/commit/7c9b6070\n  // But it has switched back to 'finish' in Node v4:\n  // https://github.com/nodejs/node/pull/1411\n\n  res.removeAllListeners('finish');\n  res.on('finish', function () {\n    res.setTimeout(SHORT_SOCKET_TIMEOUT);\n  });\n\n  _.each(finishListeners, function (l) {\n    res.on('finish', l);\n  });\n}; // Will be updated by main before we listen.\n// Map from client arch to boilerplate object.\n// Boilerplate object has:\n//   - func: XXX\n//   - baseData: XXX\n\n\nvar boilerplateByArch = {}; // Given a request (as returned from `categorizeRequest`), return the\n// boilerplate HTML to serve for that request.\n//\n// If a previous connect middleware has rendered content for the head or body,\n// returns the boilerplate with that content patched in otherwise\n// memoizes on HTML attributes (used by, eg, appcache) and whether inline \n// scripts are currently allowed.\n// XXX so far this function is always called with arch === 'web.browser'\n\nvar memoizedBoilerplate = {};\n\nvar getBoilerplate = function (request, arch) {\n  var useMemoized = !(request.dynamicHead || request.dynamicBody);\n  var htmlAttributes = getHtmlAttributes(request);\n\n  if (useMemoized) {\n    // The only thing that changes from request to request (unless extra \n    // content is added to the head or body) are the HTML attributes \n    // (used by, eg, appcache) and whether inline scripts are allowed, so we \n    // can memoize based on that.\n    var memHash = JSON.stringify({\n      inlineScriptsAllowed: inlineScriptsAllowed,\n      htmlAttributes: htmlAttributes,\n      arch: arch\n    });\n\n    if (!memoizedBoilerplate[memHash]) {\n      memoizedBoilerplate[memHash] = boilerplateByArch[arch].toHTML({\n        htmlAttributes: htmlAttributes\n      });\n    }\n\n    return memoizedBoilerplate[memHash];\n  }\n\n  var boilerplateOptions = _.extend({\n    htmlAttributes: htmlAttributes\n  }, _.pick(request, 'dynamicHead', 'dynamicBody'));\n\n  return boilerplateByArch[arch].toHTML(boilerplateOptions);\n};\n\nWebAppInternals.generateBoilerplateInstance = function (arch, manifest, additionalOptions) {\n  additionalOptions = additionalOptions || {};\n\n  var runtimeConfig = _.extend(_.clone(__meteor_runtime_config__), additionalOptions.runtimeConfigOverrides || {});\n\n  return new Boilerplate(arch, manifest, _.extend({\n    pathMapper: function (itemPath) {\n      return path.join(archPath[arch], itemPath);\n    },\n    baseDataExtension: {\n      additionalStaticJs: _.map(additionalStaticJs || [], function (contents, pathname) {\n        return {\n          pathname: pathname,\n          contents: contents\n        };\n      }),\n      // Convert to a JSON string, then get rid of most weird characters, then\n      // wrap in double quotes. (The outermost JSON.stringify really ought to\n      // just be \"wrap in double quotes\" but we use it to be safe.) This might\n      // end up inside a <script> tag so we need to be careful to not include\n      // \"</script>\", but normal {{spacebars}} escaping escapes too much! See\n      // https://github.com/meteor/meteor/issues/3730\n      meteorRuntimeConfig: JSON.stringify(encodeURIComponent(JSON.stringify(runtimeConfig))),\n      rootUrlPathPrefix: __meteor_runtime_config__.ROOT_URL_PATH_PREFIX || '',\n      bundledJsCssUrlRewriteHook: bundledJsCssUrlRewriteHook,\n      inlineScriptsAllowed: WebAppInternals.inlineScriptsAllowed(),\n      inline: additionalOptions.inline\n    }\n  }, additionalOptions));\n}; // A mapping from url path to \"info\". Where \"info\" has the following fields:\n// - type: the type of file to be served\n// - cacheable: optionally, whether the file should be cached or not\n// - sourceMapUrl: optionally, the url of the source map\n//\n// Info also contains one of the following:\n// - content: the stringified content that should be served at this path\n// - absolutePath: the absolute path on disk to the file\n\n\nvar staticFiles; // Serve static files from the manifest or added with\n// `addStaticJs`. Exported for tests.\n\nWebAppInternals.staticFilesMiddleware = function (staticFiles, req, res, next) {\n  if ('GET' != req.method && 'HEAD' != req.method && 'OPTIONS' != req.method) {\n    next();\n    return;\n  }\n\n  var pathname = parseurl(req).pathname;\n\n  try {\n    pathname = decodeURIComponent(pathname);\n  } catch (e) {\n    next();\n    return;\n  }\n\n  var serveStaticJs = function (s) {\n    res.writeHead(200, {\n      'Content-type': 'application/javascript; charset=UTF-8'\n    });\n    res.write(s);\n    res.end();\n  };\n\n  if (pathname === \"/meteor_runtime_config.js\" && !WebAppInternals.inlineScriptsAllowed()) {\n    serveStaticJs(\"__meteor_runtime_config__ = \" + JSON.stringify(__meteor_runtime_config__) + \";\");\n    return;\n  } else if (_.has(additionalStaticJs, pathname) && !WebAppInternals.inlineScriptsAllowed()) {\n    serveStaticJs(additionalStaticJs[pathname]);\n    return;\n  }\n\n  if (!_.has(staticFiles, pathname)) {\n    next();\n    return;\n  } // We don't need to call pause because, unlike 'static', once we call into\n  // 'send' and yield to the event loop, we never call another handler with\n  // 'next'.\n\n\n  var info = staticFiles[pathname]; // Cacheable files are files that should never change. Typically\n  // named by their hash (eg meteor bundled js and css files).\n  // We cache them ~forever (1yr).\n\n  var maxAge = info.cacheable ? 1000 * 60 * 60 * 24 * 365 : 0; // Set the X-SourceMap header, which current Chrome, FireFox, and Safari\n  // understand.  (The SourceMap header is slightly more spec-correct but FF\n  // doesn't understand it.)\n  //\n  // You may also need to enable source maps in Chrome: open dev tools, click\n  // the gear in the bottom right corner, and select \"enable source maps\".\n\n  if (info.sourceMapUrl) {\n    res.setHeader('X-SourceMap', __meteor_runtime_config__.ROOT_URL_PATH_PREFIX + info.sourceMapUrl);\n  }\n\n  if (info.type === \"js\") {\n    res.setHeader(\"Content-Type\", \"application/javascript; charset=UTF-8\");\n  } else if (info.type === \"css\") {\n    res.setHeader(\"Content-Type\", \"text/css; charset=UTF-8\");\n  } else if (info.type === \"json\") {\n    res.setHeader(\"Content-Type\", \"application/json; charset=UTF-8\");\n  }\n\n  if (info.hash) {\n    res.setHeader('ETag', '\"' + info.hash + '\"');\n  }\n\n  if (info.content) {\n    res.write(info.content);\n    res.end();\n  } else {\n    send(req, info.absolutePath, {\n      maxage: maxAge,\n      dotfiles: 'allow',\n      // if we specified a dotfile in the manifest, serve it\n      lastModified: false // don't set last-modified based on the file date\n\n    }).on('error', function (err) {\n      Log.error(\"Error serving static file \" + err);\n      res.writeHead(500);\n      res.end();\n    }).on('directory', function () {\n      Log.error(\"Unexpected directory \" + info.absolutePath);\n      res.writeHead(500);\n      res.end();\n    }).pipe(res);\n  }\n};\n\nvar getUrlPrefixForArch = function (arch) {\n  // XXX we rely on the fact that arch names don't contain slashes\n  // in that case we would need to uri escape it\n  // We add '__' to the beginning of non-standard archs to \"scope\" the url\n  // to Meteor internals.\n  return arch === WebApp.defaultArch ? '' : '/' + '__' + arch.replace(/^web\\./, '');\n}; // parse port to see if its a Windows Server style named pipe. If so, return as-is (String), otherwise return as Int\n\n\nWebAppInternals.parsePort = function (port) {\n  if (/\\\\\\\\?.+\\\\pipe\\\\?.+/.test(port)) {\n    return port;\n  }\n\n  return parseInt(port);\n};\n\nvar runWebAppServer = function () {\n  var shuttingDown = false;\n  var syncQueue = new Meteor._SynchronousQueue();\n\n  var getItemPathname = function (itemUrl) {\n    return decodeURIComponent(url.parse(itemUrl).pathname);\n  };\n\n  WebAppInternals.reloadClientPrograms = function () {\n    syncQueue.runTask(function () {\n      staticFiles = {};\n\n      var generateClientProgram = function (clientPath, arch) {\n        // read the control for the client we'll be serving up\n        var clientJsonPath = path.join(__meteor_bootstrap__.serverDir, clientPath);\n        var clientDir = path.dirname(clientJsonPath);\n        var clientJson = JSON.parse(readUtf8FileSync(clientJsonPath));\n        if (clientJson.format !== \"web-program-pre1\") throw new Error(\"Unsupported format for client assets: \" + JSON.stringify(clientJson.format));\n        if (!clientJsonPath || !clientDir || !clientJson) throw new Error(\"Client config file not parsed.\");\n        var urlPrefix = getUrlPrefixForArch(arch);\n        var manifest = clientJson.manifest;\n\n        _.each(manifest, function (item) {\n          if (item.url && item.where === \"client\") {\n            staticFiles[urlPrefix + getItemPathname(item.url)] = {\n              absolutePath: path.join(clientDir, item.path),\n              cacheable: item.cacheable,\n              hash: item.hash,\n              // Link from source to its map\n              sourceMapUrl: item.sourceMapUrl,\n              type: item.type\n            };\n\n            if (item.sourceMap) {\n              // Serve the source map too, under the specified URL. We assume all\n              // source maps are cacheable.\n              staticFiles[urlPrefix + getItemPathname(item.sourceMapUrl)] = {\n                absolutePath: path.join(clientDir, item.sourceMap),\n                cacheable: true\n              };\n            }\n          }\n        });\n\n        var program = {\n          format: \"web-program-pre1\",\n          manifest: manifest,\n          version: WebAppHashing.calculateClientHash(manifest, null, _.pick(__meteor_runtime_config__, 'PUBLIC_SETTINGS')),\n          cordovaCompatibilityVersions: clientJson.cordovaCompatibilityVersions,\n          PUBLIC_SETTINGS: __meteor_runtime_config__.PUBLIC_SETTINGS\n        };\n        WebApp.clientPrograms[arch] = program; // Serve the program as a string at /foo/<arch>/manifest.json\n        // XXX change manifest.json -> program.json\n\n        staticFiles[urlPrefix + getItemPathname('/manifest.json')] = {\n          content: JSON.stringify(program),\n          cacheable: false,\n          hash: program.version,\n          type: \"json\"\n        };\n      };\n\n      try {\n        var clientPaths = __meteor_bootstrap__.configJson.clientPaths;\n\n        _.each(clientPaths, function (clientPath, arch) {\n          archPath[arch] = path.dirname(clientPath);\n          generateClientProgram(clientPath, arch);\n        }); // Exported for tests.\n\n\n        WebAppInternals.staticFiles = staticFiles;\n      } catch (e) {\n        Log.error(\"Error reloading the client program: \" + e.stack);\n        process.exit(1);\n      }\n    });\n  };\n\n  WebAppInternals.generateBoilerplate = function () {\n    // This boilerplate will be served to the mobile devices when used with\n    // Meteor/Cordova for the Hot-Code Push and since the file will be served by\n    // the device's server, it is important to set the DDP url to the actual\n    // Meteor server accepting DDP connections and not the device's file server.\n    var defaultOptionsForArch = {\n      'web.cordova': {\n        runtimeConfigOverrides: {\n          // XXX We use absoluteUrl() here so that we serve https://\n          // URLs to cordova clients if force-ssl is in use. If we were\n          // to use __meteor_runtime_config__.ROOT_URL instead of\n          // absoluteUrl(), then Cordova clients would immediately get a\n          // HCP setting their DDP_DEFAULT_CONNECTION_URL to\n          // http://example.meteor.com. This breaks the app, because\n          // force-ssl doesn't serve CORS headers on 302\n          // redirects. (Plus it's undesirable to have clients\n          // connecting to http://example.meteor.com when force-ssl is\n          // in use.)\n          DDP_DEFAULT_CONNECTION_URL: process.env.MOBILE_DDP_URL || Meteor.absoluteUrl(),\n          ROOT_URL: process.env.MOBILE_ROOT_URL || Meteor.absoluteUrl()\n        }\n      }\n    };\n    syncQueue.runTask(function () {\n      _.each(WebApp.clientPrograms, function (program, archName) {\n        boilerplateByArch[archName] = WebAppInternals.generateBoilerplateInstance(archName, program.manifest, defaultOptionsForArch[archName]);\n      }); // Clear the memoized boilerplate cache.\n\n\n      memoizedBoilerplate = {}; // Configure CSS injection for the default arch\n      // XXX implement the CSS injection for all archs?\n\n      var cssFiles = boilerplateByArch[WebApp.defaultArch].baseData.css; // Rewrite all CSS files (which are written directly to <style> tags)\n      // by autoupdate_client to use the CDN prefix/etc\n\n      var allCss = _.map(cssFiles, function (cssFile) {\n        return {\n          url: bundledJsCssUrlRewriteHook(cssFile.url)\n        };\n      });\n\n      WebAppInternals.refreshableAssets = {\n        allCss: allCss\n      };\n    });\n  };\n\n  WebAppInternals.reloadClientPrograms(); // webserver\n\n  var app = connect(); // Packages and apps can add handlers that run before any other Meteor\n  // handlers via WebApp.rawConnectHandlers.\n\n  var rawConnectHandlers = connect();\n  app.use(rawConnectHandlers); // Auto-compress any json, javascript, or text.\n\n  app.use(connect.compress()); // We're not a proxy; reject (without crashing) attempts to treat us like\n  // one. (See #1212.)\n\n  app.use(function (req, res, next) {\n    if (RoutePolicy.isValidUrl(req.url)) {\n      next();\n      return;\n    }\n\n    res.writeHead(400);\n    res.write(\"Not a proxy\");\n    res.end();\n  }); // Strip off the path prefix, if it exists.\n\n  app.use(function (request, response, next) {\n    var pathPrefix = __meteor_runtime_config__.ROOT_URL_PATH_PREFIX;\n\n    var url = Npm.require('url').parse(request.url);\n\n    var pathname = url.pathname; // check if the path in the url starts with the path prefix (and the part\n    // after the path prefix must start with a / if it exists.)\n\n    if (pathPrefix && pathname.substring(0, pathPrefix.length) === pathPrefix && (pathname.length == pathPrefix.length || pathname.substring(pathPrefix.length, pathPrefix.length + 1) === \"/\")) {\n      request.url = request.url.substring(pathPrefix.length);\n      next();\n    } else if (pathname === \"/favicon.ico\" || pathname === \"/robots.txt\") {\n      next();\n    } else if (pathPrefix) {\n      response.writeHead(404);\n      response.write(\"Unknown path\");\n      response.end();\n    } else {\n      next();\n    }\n  }); // Parse the query string into res.query. Used by oauth_server, but it's\n  // generally pretty handy..\n\n  app.use(connect.query()); // Serve static files from the manifest.\n  // This is inspired by the 'static' middleware.\n\n  app.use(function (req, res, next) {\n    Fiber(function () {\n      WebAppInternals.staticFilesMiddleware(staticFiles, req, res, next);\n    }).run();\n  }); // Packages and apps can add handlers to this via WebApp.connectHandlers.\n  // They are inserted before our default handler.\n\n  var packageAndAppHandlers = connect();\n  app.use(packageAndAppHandlers);\n  var suppressConnectErrors = false; // connect knows it is an error handler because it has 4 arguments instead of\n  // 3. go figure.  (It is not smart enough to find such a thing if it's hidden\n  // inside packageAndAppHandlers.)\n\n  app.use(function (err, req, res, next) {\n    if (!err || !suppressConnectErrors || !req.headers['x-suppress-error']) {\n      next(err);\n      return;\n    }\n\n    res.writeHead(err.status, {\n      'Content-Type': 'text/plain'\n    });\n    res.end(\"An error message\");\n  });\n  app.use(function (req, res, next) {\n    Fiber(function () {\n      if (!appUrl(req.url)) return next();\n      var headers = {\n        'Content-Type': 'text/html; charset=utf-8'\n      };\n      if (shuttingDown) headers['Connection'] = 'Close';\n      var request = WebApp.categorizeRequest(req);\n\n      if (request.url.query && request.url.query['meteor_css_resource']) {\n        // In this case, we're requesting a CSS resource in the meteor-specific\n        // way, but we don't have it.  Serve a static css file that indicates that\n        // we didn't have it, so we can detect that and refresh.  Make sure\n        // that any proxies or CDNs don't cache this error!  (Normally proxies\n        // or CDNs are smart enough not to cache error pages, but in order to\n        // make this hack work, we need to return the CSS file as a 200, which\n        // would otherwise be cached.)\n        headers['Content-Type'] = 'text/css; charset=utf-8';\n        headers['Cache-Control'] = 'no-cache';\n        res.writeHead(200, headers);\n        res.write(\".meteor-css-not-found-error { width: 0px;}\");\n        res.end();\n        return undefined;\n      }\n\n      if (request.url.query && request.url.query['meteor_js_resource']) {\n        // Similarly, we're requesting a JS resource that we don't have.\n        // Serve an uncached 404. (We can't use the same hack we use for CSS,\n        // because actually acting on that hack requires us to have the JS\n        // already!)\n        headers['Cache-Control'] = 'no-cache';\n        res.writeHead(404, headers);\n        res.end(\"404 Not Found\");\n        return undefined;\n      }\n\n      if (request.url.query && request.url.query['meteor_dont_serve_index']) {\n        // When downloading files during a Cordova hot code push, we need\n        // to detect if a file is not available instead of inadvertently\n        // downloading the default index page.\n        // So similar to the situation above, we serve an uncached 404.\n        headers['Cache-Control'] = 'no-cache';\n        res.writeHead(404, headers);\n        res.end(\"404 Not Found\");\n        return undefined;\n      } // /packages/asdfsad ... /__cordova/dafsdf.js\n\n\n      var pathname = parseurl(req).pathname;\n      var archKey = pathname.split('/')[1];\n      var archKeyCleaned = 'web.' + archKey.replace(/^__/, '');\n\n      if (!/^__/.test(archKey) || !_.has(archPath, archKeyCleaned)) {\n        archKey = WebApp.defaultArch;\n      } else {\n        archKey = archKeyCleaned;\n      }\n\n      var boilerplate;\n\n      try {\n        boilerplate = getBoilerplate(request, archKey);\n      } catch (e) {\n        Log.error(\"Error running template: \" + e.stack);\n        res.writeHead(500, headers);\n        res.end();\n        return undefined;\n      }\n\n      var statusCode = res.statusCode ? res.statusCode : 200;\n      res.writeHead(statusCode, headers);\n      res.write(boilerplate);\n      res.end();\n      return undefined;\n    }).run();\n  }); // Return 404 by default, if no other handlers serve this URL.\n\n  app.use(function (req, res) {\n    res.writeHead(404);\n    res.end();\n  });\n  var httpServer = http.createServer(app);\n  var onListeningCallbacks = []; // After 5 seconds w/o data on a socket, kill it.  On the other hand, if\n  // there's an outstanding request, give it a higher timeout instead (to avoid\n  // killing long-polling requests)\n\n  httpServer.setTimeout(SHORT_SOCKET_TIMEOUT); // Do this here, and then also in livedata/stream_server.js, because\n  // stream_server.js kills all the current request handlers when installing its\n  // own.\n\n  httpServer.on('request', WebApp._timeoutAdjustmentRequestCallback); // If the client gave us a bad request, tell it instead of just closing the\n  // socket. This lets load balancers in front of us differentiate between \"a\n  // server is randomly closing sockets for no reason\" and \"client sent a bad\n  // request\".\n  //\n  // This will only work on Node 6; Node 4 destroys the socket before calling\n  // this event. See https://github.com/nodejs/node/pull/4557/ for details.\n\n  httpServer.on('clientError', function (err, socket) {\n    // Pre-Node-6, do nothing.\n    if (socket.destroyed) {\n      return;\n    }\n\n    if (err.message === 'Parse Error') {\n      socket.end('HTTP/1.1 400 Bad Request\\r\\n\\r\\n');\n    } else {\n      // For other errors, use the default behavior as if we had no clientError\n      // handler.\n      socket.destroy(err);\n    }\n  }); // start up app\n\n  _.extend(WebApp, {\n    connectHandlers: packageAndAppHandlers,\n    rawConnectHandlers: rawConnectHandlers,\n    httpServer: httpServer,\n    connectApp: app,\n    // For testing.\n    suppressConnectErrors: function () {\n      suppressConnectErrors = true;\n    },\n    onListening: function (f) {\n      if (onListeningCallbacks) onListeningCallbacks.push(f);else f();\n    }\n  }); // Let the rest of the packages (and Meteor.startup hooks) insert connect\n  // middlewares and update __meteor_runtime_config__, then keep going to set up\n  // actually serving HTML.\n\n\n  main = function (argv) {\n    WebAppInternals.generateBoilerplate(); // only start listening after all the startup code has run.\n\n    var localPort = WebAppInternals.parsePort(process.env.PORT) || 0;\n    var host = process.env.BIND_IP;\n    var localIp = host || '0.0.0.0';\n    httpServer.listen(localPort, localIp, Meteor.bindEnvironment(function () {\n      if (process.env.METEOR_PRINT_ON_LISTEN) console.log(\"LISTENING\"); // must match run-app.js\n\n      var callbacks = onListeningCallbacks;\n      onListeningCallbacks = null;\n\n      _.each(callbacks, function (x) {\n        x();\n      });\n    }, function (e) {\n      console.error(\"Error listening:\", e);\n      console.error(e && e.stack);\n    }));\n    return 'DAEMON';\n  };\n};\n\nrunWebAppServer();\nvar inlineScriptsAllowed = true;\n\nWebAppInternals.inlineScriptsAllowed = function () {\n  return inlineScriptsAllowed;\n};\n\nWebAppInternals.setInlineScriptsAllowed = function (value) {\n  inlineScriptsAllowed = value;\n  WebAppInternals.generateBoilerplate();\n};\n\nWebAppInternals.setBundledJsCssUrlRewriteHook = function (hookFn) {\n  bundledJsCssUrlRewriteHook = hookFn;\n  WebAppInternals.generateBoilerplate();\n};\n\nWebAppInternals.setBundledJsCssPrefix = function (prefix) {\n  var self = this;\n  self.setBundledJsCssUrlRewriteHook(function (url) {\n    return prefix + url;\n  });\n}; // Packages can call `WebAppInternals.addStaticJs` to specify static\n// JavaScript to be included in the app. This static JS will be inlined,\n// unless inline scripts have been disabled, in which case it will be\n// served under `/<sha1 of contents>`.\n\n\nvar additionalStaticJs = {};\n\nWebAppInternals.addStaticJs = function (contents) {\n  additionalStaticJs[\"/\" + sha1(contents) + \".js\"] = contents;\n}; // Exported for tests\n\n\nWebAppInternals.getBoilerplate = getBoilerplate;\nWebAppInternals.additionalStaticJs = additionalStaticJs;","ast":null,"map":{"version":3,"sources":["/packages/webapp/webapp_server.js"],"names":["fs","Npm","require","http","os","path","url","crypto","connect","parseurl","useragent","send","Future","Fiber","SHORT_SOCKET_TIMEOUT","LONG_SOCKET_TIMEOUT","WebApp","WebAppInternals","NpmModules","version","module","defaultArch","clientPrograms","archPath","bundledJsCssUrlRewriteHook","bundledPrefix","__meteor_runtime_config__","ROOT_URL_PATH_PREFIX","sha1","contents","hash","createHash","update","digest","readUtf8FileSync","filename","Meteor","wrapAsync","readFile","camelCase","name","parts","split","toLowerCase","i","length","charAt","toUpperCase","substr","join","identifyBrowser","userAgentString","userAgent","lookup","family","major","minor","patch","categorizeRequest","req","_","extend","browser","headers","parse","pick","htmlAttributeHooks","getHtmlAttributes","request","combinedAttributes","each","hook","attributes","Error","addHtmlAttributeHook","push","appUrl","RoutePolicy","classify","startup","calculateClientHash","WebAppHashing","clientHash","archName","manifest","calculateClientHashRefreshable","calculateClientHashNonRefreshable","calculateClientHashCordova","_timeoutAdjustmentRequestCallback","res","setTimeout","finishListeners","listeners","removeAllListeners","on","l","boilerplateByArch","memoizedBoilerplate","getBoilerplate","arch","useMemoized","dynamicHead","dynamicBody","htmlAttributes","memHash","JSON","stringify","inlineScriptsAllowed","toHTML","boilerplateOptions","generateBoilerplateInstance","additionalOptions","runtimeConfig","clone","runtimeConfigOverrides","Boilerplate","pathMapper","itemPath","baseDataExtension","additionalStaticJs","map","pathname","meteorRuntimeConfig","encodeURIComponent","rootUrlPathPrefix","inline","staticFiles","staticFilesMiddleware","next","method","decodeURIComponent","e","serveStaticJs","s","writeHead","write","end","has","info","maxAge","cacheable","sourceMapUrl","setHeader","type","content","absolutePath","maxage","dotfiles","lastModified","err","Log","error","pipe","getUrlPrefixForArch","replace","parsePort","port","test","parseInt","runWebAppServer","shuttingDown","syncQueue","_SynchronousQueue","getItemPathname","itemUrl","reloadClientPrograms","runTask","generateClientProgram","clientPath","clientJsonPath","__meteor_bootstrap__","serverDir","clientDir","dirname","clientJson","format","urlPrefix","item","where","sourceMap","program","cordovaCompatibilityVersions","PUBLIC_SETTINGS","clientPaths","configJson","stack","process","exit","generateBoilerplate","defaultOptionsForArch","DDP_DEFAULT_CONNECTION_URL","env","MOBILE_DDP_URL","absoluteUrl","ROOT_URL","MOBILE_ROOT_URL","cssFiles","baseData","css","allCss","cssFile","refreshableAssets","app","rawConnectHandlers","use","compress","isValidUrl","response","pathPrefix","substring","query","run","packageAndAppHandlers","suppressConnectErrors","status","undefined","archKey","archKeyCleaned","boilerplate","statusCode","httpServer","createServer","onListeningCallbacks","socket","destroyed","message","destroy","connectHandlers","connectApp","onListening","f","main","argv","localPort","PORT","host","BIND_IP","localIp","listen","bindEnvironment","METEOR_PRINT_ON_LISTEN","console","log","callbacks","x","setInlineScriptsAllowed","value","setBundledJsCssUrlRewriteHook","hookFn","setBundledJsCssPrefix","prefix","self","addStaticJs"],"mappings":";;;;;;AAAA;AAEA,IAAIA,KAAKC,IAAIC,OAAJ,CAAY,IAAZ,CAAT;;AACA,IAAIC,OAAOF,IAAIC,OAAJ,CAAY,MAAZ,CAAX;;AACA,IAAIE,KAAKH,IAAIC,OAAJ,CAAY,IAAZ,CAAT;;AACA,IAAIG,OAAOJ,IAAIC,OAAJ,CAAY,MAAZ,CAAX;;AACA,IAAII,MAAML,IAAIC,OAAJ,CAAY,KAAZ,CAAV;;AACA,IAAIK,SAASN,IAAIC,OAAJ,CAAY,QAAZ,CAAb;;AAEA,IAAIM,UAAUP,IAAIC,OAAJ,CAAY,SAAZ,CAAd;;AACA,IAAIO,WAAWR,IAAIC,OAAJ,CAAY,UAAZ,CAAf;;AACA,IAAIQ,YAAYT,IAAIC,OAAJ,CAAY,WAAZ,CAAhB;;AACA,IAAIS,OAAOV,IAAIC,OAAJ,CAAY,MAAZ,CAAX;;AAEA,IAAIU,SAASX,IAAIC,OAAJ,CAAY,eAAZ,CAAb;;AACA,IAAIW,QAAQZ,IAAIC,OAAJ,CAAY,QAAZ,CAAZ;;AAEA,IAAIY,uBAAuB,IAAE,IAA7B;AACA,IAAIC,sBAAsB,MAAI,IAA9B;AAEAC,SAAS,EAAT;AACAC,kBAAkB,EAAlB;AAEAA,gBAAgBC,UAAhB,GAA6B;AAC3BV,WAAS;AACPW,aAASlB,IAAIC,OAAJ,CAAY,sBAAZ,EAAoCiB,OADtC;AAEPC,YAAQZ;AAFD;AADkB,CAA7B;AAOAQ,OAAOK,WAAP,GAAqB,aAArB,C,CAEA;;AACAL,OAAOM,cAAP,GAAwB,EAAxB,C,CAEA;;AACA,IAAIC,WAAW,EAAf;;AAEA,IAAIC,6BAA6B,UAAUlB,GAAV,EAAe;AAC9C,MAAImB,gBACDC,0BAA0BC,oBAA1B,IAAkD,EADrD;AAEA,SAAOF,gBAAgBnB,GAAvB;AACD,CAJD;;AAMA,IAAIsB,OAAO,UAAUC,QAAV,EAAoB;AAC7B,MAAIC,OAAOvB,OAAOwB,UAAP,CAAkB,MAAlB,CAAX;AACAD,OAAKE,MAAL,CAAYH,QAAZ;AACA,SAAOC,KAAKG,MAAL,CAAY,KAAZ,CAAP;AACD,CAJD;;AAMA,IAAIC,mBAAmB,UAAUC,QAAV,EAAoB;AACzC,SAAOC,OAAOC,SAAP,CAAiBrC,GAAGsC,QAApB,EAA8BH,QAA9B,EAAwC,MAAxC,CAAP;AACD,CAFD,C,CAIA;AACA;AACA;AACA;AACA;AACA;AACA;AACA;AACA;AACA;AACA;AACA;AACA;AACA;AACA;AACA;AACA;AACA;AACA;AACA;AACA;AACA;AACA;AACA;AACA;AACA;AACA;AACA;AACA;AACA;AACA;AACA;AACA;AAGA;;;AACA,IAAII,YAAY,UAAUC,IAAV,EAAgB;AAC9B,MAAIC,QAAQD,KAAKE,KAAL,CAAW,GAAX,CAAZ;AACAD,QAAM,CAAN,IAAWA,MAAM,CAAN,EAASE,WAAT,EAAX;;AACA,OAAK,IAAIC,IAAI,CAAb,EAAiBA,IAAIH,MAAMI,MAA3B,EAAoC,EAAED,CAAtC,EAAyC;AACvCH,UAAMG,CAAN,IAAWH,MAAMG,CAAN,EAASE,MAAT,CAAgB,CAAhB,EAAmBC,WAAnB,KAAmCN,MAAMG,CAAN,EAASI,MAAT,CAAgB,CAAhB,CAA9C;AACD;;AACD,SAAOP,MAAMQ,IAAN,CAAW,EAAX,CAAP;AACD,CAPD;;AASA,IAAIC,kBAAkB,UAAUC,eAAV,EAA2B;AAC/C,MAAIC,YAAY1C,UAAU2C,MAAV,CAAiBF,eAAjB,CAAhB;AACA,SAAO;AACLX,UAAMD,UAAUa,UAAUE,MAApB,CADD;AAELC,WAAO,CAACH,UAAUG,KAFb;AAGLC,WAAO,CAACJ,UAAUI,KAHb;AAILC,WAAO,CAACL,UAAUK;AAJb,GAAP;AAMD,CARD,C,CAUA;;;AACAxC,gBAAgBiC,eAAhB,GAAkCA,eAAlC;;AAEAlC,OAAO0C,iBAAP,GAA2B,UAAUC,GAAV,EAAe;AACxC,SAAOC,EAAEC,MAAF,CAAS;AACdC,aAASZ,gBAAgBS,IAAII,OAAJ,CAAY,YAAZ,CAAhB,CADK;AAEdzD,SAAKA,IAAI0D,KAAJ,CAAUL,IAAIrD,GAAd,EAAmB,IAAnB;AAFS,GAAT,EAGJsD,EAAEK,IAAF,CAAON,GAAP,EAAY,aAAZ,EAA2B,aAA3B,CAHI,CAAP;AAID,CALD,C,CAOA;AACA;AACA;;;AACA,IAAIO,qBAAqB,EAAzB;;AACA,IAAIC,oBAAoB,UAAUC,OAAV,EAAmB;AACzC,MAAIC,qBAAsB,EAA1B;;AACAT,IAAEU,IAAF,CAAOJ,sBAAsB,EAA7B,EAAiC,UAAUK,IAAV,EAAgB;AAC/C,QAAIC,aAAaD,KAAKH,OAAL,CAAjB;AACA,QAAII,eAAe,IAAnB,EACE;AACF,QAAI,QAAOA,UAAP,uDAAOA,UAAP,OAAsB,QAA1B,EACE,MAAMC,MAAM,gDAAN,CAAN;;AACFb,MAAEC,MAAF,CAASQ,kBAAT,EAA6BG,UAA7B;AACD,GAPD;;AAQA,SAAOH,kBAAP;AACD,CAXD;;AAYArD,OAAO0D,oBAAP,GAA8B,UAAUH,IAAV,EAAgB;AAC5CL,qBAAmBS,IAAnB,CAAwBJ,IAAxB;AACD,CAFD,C,CAIA;;;AACA,IAAIK,SAAS,UAAUtE,GAAV,EAAe;AAC1B,MAAIA,QAAQ,cAAR,IAA0BA,QAAQ,aAAtC,EACE,OAAO,KAAP,CAFwB,CAI1B;AACA;AACA;AACA;AACA;AACA;;AACA,MAAIA,QAAQ,eAAZ,EACE,OAAO,KAAP,CAXwB,CAa1B;;AACA,MAAIuE,YAAYC,QAAZ,CAAqBxE,GAArB,CAAJ,EACE,OAAO,KAAP,CAfwB,CAiB1B;;AACA,SAAO,IAAP;AACD,CAnBD,C,CAsBA;AACA;AACA;AACA;AACA;AACA;AACA;AACA;AACA;AACA;AACA;AACA;AACA;AACA;AACA;AACA;;;AAEA8B,OAAO2C,OAAP,CAAe,YAAY;AACzB,MAAIC,sBAAsBC,cAAcD,mBAAxC;;AACAhE,SAAOkE,UAAP,GAAoB,UAAUC,QAAV,EAAoB;AACtCA,eAAWA,YAAYnE,OAAOK,WAA9B;AACA,WAAO2D,oBAAoBhE,OAAOM,cAAP,CAAsB6D,QAAtB,EAAgCC,QAApD,CAAP;AACD,GAHD;;AAKApE,SAAOqE,8BAAP,GAAwC,UAAUF,QAAV,EAAoB;AAC1DA,eAAWA,YAAYnE,OAAOK,WAA9B;AACA,WAAO2D,oBAAoBhE,OAAOM,cAAP,CAAsB6D,QAAtB,EAAgCC,QAApD,EACL,UAAU5C,IAAV,EAAgB;AACd,aAAOA,SAAS,KAAhB;AACD,KAHI,CAAP;AAID,GAND;;AAOAxB,SAAOsE,iCAAP,GAA2C,UAAUH,QAAV,EAAoB;AAC7DA,eAAWA,YAAYnE,OAAOK,WAA9B;AACA,WAAO2D,oBAAoBhE,OAAOM,cAAP,CAAsB6D,QAAtB,EAAgCC,QAApD,EACL,UAAU5C,IAAV,EAAgB;AACd,aAAOA,SAAS,KAAhB;AACD,KAHI,CAAP;AAID,GAND;;AAOAxB,SAAOuE,0BAAP,GAAoC,YAAY;AAC9C,QAAIJ,WAAW,aAAf;AACA,QAAI,CAAEnE,OAAOM,cAAP,CAAsB6D,QAAtB,CAAN,EACE,OAAO,MAAP;AAEF,WAAOH,oBACLhE,OAAOM,cAAP,CAAsB6D,QAAtB,EAAgCC,QAD3B,EACqC,IADrC,EAC2CxB,EAAEK,IAAF,CAC9CvC,yBAD8C,EACnB,iBADmB,CAD3C,CAAP;AAGD,GARD;AASD,CA9BD,E,CAkCA;AACA;AACA;AACA;AACA;;AACAV,OAAOwE,iCAAP,GAA2C,UAAU7B,GAAV,EAAe8B,GAAf,EAAoB;AAC7D;AACA9B,MAAI+B,UAAJ,CAAe3E,mBAAf,EAF6D,CAG7D;AACA;;AACA,MAAI4E,kBAAkBF,IAAIG,SAAJ,CAAc,QAAd,CAAtB,CAL6D,CAM7D;AACA;AACA;AACA;;AACAH,MAAII,kBAAJ,CAAuB,QAAvB;AACAJ,MAAIK,EAAJ,CAAO,QAAP,EAAiB,YAAY;AAC3BL,QAAIC,UAAJ,CAAe5E,oBAAf;AACD,GAFD;;AAGA8C,IAAEU,IAAF,CAAOqB,eAAP,EAAwB,UAAUI,CAAV,EAAa;AAAEN,QAAIK,EAAJ,CAAO,QAAP,EAAiBC,CAAjB;AAAsB,GAA7D;AACD,CAfD,C,CAkBA;AACA;AACA;AACA;AACA;;;AACA,IAAIC,oBAAoB,EAAxB,C,CAEA;AACA;AACA;AACA;AACA;AACA;AACA;AACA;;AACA,IAAIC,sBAAsB,EAA1B;;AACA,IAAIC,iBAAiB,UAAU9B,OAAV,EAAmB+B,IAAnB,EAAyB;AAC5C,MAAIC,cAAc,EAAGhC,QAAQiC,WAAR,IAAuBjC,QAAQkC,WAAlC,CAAlB;AACA,MAAIC,iBAAiBpC,kBAAkBC,OAAlB,CAArB;;AAEA,MAAIgC,WAAJ,EAAiB;AACf;AACA;AACA;AACA;AACA,QAAII,UAAUC,KAAKC,SAAL,CAAe;AAC3BC,4BAAsBA,oBADK;AAE3BJ,sBAAgBA,cAFW;AAG3BJ,YAAMA;AAHqB,KAAf,CAAd;;AAMA,QAAI,CAAEF,oBAAoBO,OAApB,CAAN,EAAoC;AAClCP,0BAAoBO,OAApB,IAA+BR,kBAAkBG,IAAlB,EAAwBS,MAAxB,CAA+B;AAC5DL,wBAAgBA;AAD4C,OAA/B,CAA/B;AAGD;;AACD,WAAON,oBAAoBO,OAApB,CAAP;AACD;;AAED,MAAIK,qBAAqBjD,EAAEC,MAAF,CAAS;AAChC0C,oBAAgBA;AADgB,GAAT,EAEtB3C,EAAEK,IAAF,CAAOG,OAAP,EAAgB,aAAhB,EAA+B,aAA/B,CAFsB,CAAzB;;AAIA,SAAO4B,kBAAkBG,IAAlB,EAAwBS,MAAxB,CAA+BC,kBAA/B,CAAP;AACD,CA5BD;;AA8BA5F,gBAAgB6F,2BAAhB,GAA8C,UAAUX,IAAV,EACUf,QADV,EAEU2B,iBAFV,EAE6B;AACzEA,sBAAoBA,qBAAqB,EAAzC;;AAEA,MAAIC,gBAAgBpD,EAAEC,MAAF,CAClBD,EAAEqD,KAAF,CAAQvF,yBAAR,CADkB,EAElBqF,kBAAkBG,sBAAlB,IAA4C,EAF1B,CAApB;;AAIA,SAAO,IAAIC,WAAJ,CAAgBhB,IAAhB,EAAsBf,QAAtB,EACLxB,EAAEC,MAAF,CAAS;AACPuD,gBAAY,UAAUC,QAAV,EAAoB;AAC9B,aAAOhH,KAAK4C,IAAL,CAAU1B,SAAS4E,IAAT,CAAV,EAA0BkB,QAA1B,CAAP;AAA6C,KAFxC;AAGPC,uBAAmB;AACjBC,0BAAoB3D,EAAE4D,GAAF,CAClBD,sBAAsB,EADJ,EAElB,UAAU1F,QAAV,EAAoB4F,QAApB,EAA8B;AAC5B,eAAO;AACLA,oBAAUA,QADL;AAEL5F,oBAAUA;AAFL,SAAP;AAID,OAPiB,CADH;AAUjB;AACA;AACA;AACA;AACA;AACA;AACA6F,2BAAqBjB,KAAKC,SAAL,CACnBiB,mBAAmBlB,KAAKC,SAAL,CAAeM,aAAf,CAAnB,CADmB,CAhBJ;AAkBjBY,yBAAmBlG,0BAA0BC,oBAA1B,IAAkD,EAlBpD;AAmBjBH,kCAA4BA,0BAnBX;AAoBjBmF,4BAAsB1F,gBAAgB0F,oBAAhB,EApBL;AAqBjBkB,cAAQd,kBAAkBc;AArBT;AAHZ,GAAT,EA0BGd,iBA1BH,CADK,CAAP;AA6BD,CAtCD,C,CAwCA;AACA;AACA;AACA;AACA;AACA;AACA;AACA;;;AAEA,IAAIe,WAAJ,C,CAEA;AACA;;AACA7G,gBAAgB8G,qBAAhB,GAAwC,UAAUD,WAAV,EAAuBnE,GAAvB,EAA4B8B,GAA5B,EAAiCuC,IAAjC,EAAuC;AAC7E,MAAI,SAASrE,IAAIsE,MAAb,IAAuB,UAAUtE,IAAIsE,MAArC,IAA+C,aAAatE,IAAIsE,MAApE,EAA4E;AAC1ED;AACA;AACD;;AACD,MAAIP,WAAWhH,SAASkD,GAAT,EAAc8D,QAA7B;;AACA,MAAI;AACFA,eAAWS,mBAAmBT,QAAnB,CAAX;AACD,GAFD,CAEE,OAAOU,CAAP,EAAU;AACVH;AACA;AACD;;AAED,MAAII,gBAAgB,UAAUC,CAAV,EAAa;AAC/B5C,QAAI6C,SAAJ,CAAc,GAAd,EAAmB;AACjB,sBAAgB;AADC,KAAnB;AAGA7C,QAAI8C,KAAJ,CAAUF,CAAV;AACA5C,QAAI+C,GAAJ;AACD,GAND;;AAQA,MAAIf,aAAa,2BAAb,IACA,CAAExG,gBAAgB0F,oBAAhB,EADN,EAC8C;AAC5CyB,kBAAc,iCACA3B,KAAKC,SAAL,CAAehF,yBAAf,CADA,GAC4C,GAD1D;AAEA;AACD,GALD,MAKO,IAAIkC,EAAE6E,GAAF,CAAMlB,kBAAN,EAA0BE,QAA1B,KACC,CAAExG,gBAAgB0F,oBAAhB,EADP,EAC+C;AACpDyB,kBAAcb,mBAAmBE,QAAnB,CAAd;AACA;AACD;;AAED,MAAI,CAAC7D,EAAE6E,GAAF,CAAMX,WAAN,EAAmBL,QAAnB,CAAL,EAAmC;AACjCO;AACA;AACD,GAnC4E,CAqC7E;AACA;AACA;;;AAEA,MAAIU,OAAOZ,YAAYL,QAAZ,CAAX,CAzC6E,CA2C7E;AACA;AACA;;AACA,MAAIkB,SAASD,KAAKE,SAAL,GACL,OAAO,EAAP,GAAY,EAAZ,GAAiB,EAAjB,GAAsB,GADjB,GAEL,CAFR,CA9C6E,CAkD7E;AACA;AACA;AACA;AACA;AACA;;AACA,MAAIF,KAAKG,YAAT,EAAuB;AACrBpD,QAAIqD,SAAJ,CAAc,aAAd,EACcpH,0BAA0BC,oBAA1B,GACA+G,KAAKG,YAFnB;AAGD;;AAED,MAAIH,KAAKK,IAAL,KAAc,IAAlB,EAAwB;AACtBtD,QAAIqD,SAAJ,CAAc,cAAd,EAA8B,uCAA9B;AACD,GAFD,MAEO,IAAIJ,KAAKK,IAAL,KAAc,KAAlB,EAAyB;AAC9BtD,QAAIqD,SAAJ,CAAc,cAAd,EAA8B,yBAA9B;AACD,GAFM,MAEA,IAAIJ,KAAKK,IAAL,KAAc,MAAlB,EAA0B;AAC/BtD,QAAIqD,SAAJ,CAAc,cAAd,EAA8B,iCAA9B;AACD;;AAED,MAAIJ,KAAK5G,IAAT,EAAe;AACb2D,QAAIqD,SAAJ,CAAc,MAAd,EAAsB,MAAMJ,KAAK5G,IAAX,GAAkB,GAAxC;AACD;;AAED,MAAI4G,KAAKM,OAAT,EAAkB;AAChBvD,QAAI8C,KAAJ,CAAUG,KAAKM,OAAf;AACAvD,QAAI+C,GAAJ;AACD,GAHD,MAGO;AACL7H,SAAKgD,GAAL,EAAU+E,KAAKO,YAAf,EAA6B;AACzBC,cAAQP,MADiB;AAEzBQ,gBAAU,OAFe;AAEN;AACnBC,oBAAc,KAHW,CAGL;;AAHK,KAA7B,EAIKtD,EAJL,CAIQ,OAJR,EAIiB,UAAUuD,GAAV,EAAe;AAC5BC,UAAIC,KAAJ,CAAU,+BAA+BF,GAAzC;AACA5D,UAAI6C,SAAJ,CAAc,GAAd;AACA7C,UAAI+C,GAAJ;AACD,KARH,EASG1C,EATH,CASM,WATN,EASmB,YAAY;AAC3BwD,UAAIC,KAAJ,CAAU,0BAA0Bb,KAAKO,YAAzC;AACAxD,UAAI6C,SAAJ,CAAc,GAAd;AACA7C,UAAI+C,GAAJ;AACD,KAbH,EAcGgB,IAdH,CAcQ/D,GAdR;AAeD;AACF,CA9FD;;AAgGA,IAAIgE,sBAAsB,UAAUtD,IAAV,EAAgB;AACxC;AACA;AAEA;AACA;AACA,SAAOA,SAASnF,OAAOK,WAAhB,GACL,EADK,GACA,MAAM,IAAN,GAAa8E,KAAKuD,OAAL,CAAa,QAAb,EAAuB,EAAvB,CADpB;AAED,CARD,C,CAUA;;;AACAzI,gBAAgB0I,SAAhB,GAA4B,UAAUC,IAAV,EAAgB;AAC1C,MAAI,qBAAqBC,IAArB,CAA0BD,IAA1B,CAAJ,EAAsC;AACpC,WAAOA,IAAP;AACD;;AAED,SAAOE,SAASF,IAAT,CAAP;AACD,CAND;;AAQA,IAAIG,kBAAkB,YAAY;AAChC,MAAIC,eAAe,KAAnB;AACA,MAAIC,YAAY,IAAI7H,OAAO8H,iBAAX,EAAhB;;AAEA,MAAIC,kBAAkB,UAAUC,OAAV,EAAmB;AACvC,WAAOlC,mBAAmB5H,IAAI0D,KAAJ,CAAUoG,OAAV,EAAmB3C,QAAtC,CAAP;AACD,GAFD;;AAIAxG,kBAAgBoJ,oBAAhB,GAAuC,YAAY;AACjDJ,cAAUK,OAAV,CAAkB,YAAW;AAC3BxC,oBAAc,EAAd;;AACA,UAAIyC,wBAAwB,UAAUC,UAAV,EAAsBrE,IAAtB,EAA4B;AACtD;AACA,YAAIsE,iBAAiBpK,KAAK4C,IAAL,CAAUyH,qBAAqBC,SAA/B,EACMH,UADN,CAArB;AAEA,YAAII,YAAYvK,KAAKwK,OAAL,CAAaJ,cAAb,CAAhB;AACA,YAAIK,aAAarE,KAAKzC,KAAL,CAAW9B,iBAAiBuI,cAAjB,CAAX,CAAjB;AACA,YAAIK,WAAWC,MAAX,KAAsB,kBAA1B,EACE,MAAM,IAAItG,KAAJ,CAAU,2CACAgC,KAAKC,SAAL,CAAeoE,WAAWC,MAA1B,CADV,CAAN;AAGF,YAAI,CAAEN,cAAF,IAAoB,CAAEG,SAAtB,IAAmC,CAAEE,UAAzC,EACE,MAAM,IAAIrG,KAAJ,CAAU,gCAAV,CAAN;AAEF,YAAIuG,YAAYvB,oBAAoBtD,IAApB,CAAhB;AAEA,YAAIf,WAAW0F,WAAW1F,QAA1B;;AACAxB,UAAEU,IAAF,CAAOc,QAAP,EAAiB,UAAU6F,IAAV,EAAgB;AAC/B,cAAIA,KAAK3K,GAAL,IAAY2K,KAAKC,KAAL,KAAe,QAA/B,EAAyC;AACvCpD,wBAAYkD,YAAYb,gBAAgBc,KAAK3K,GAArB,CAAxB,IAAqD;AACnD2I,4BAAc5I,KAAK4C,IAAL,CAAU2H,SAAV,EAAqBK,KAAK5K,IAA1B,CADqC;AAEnDuI,yBAAWqC,KAAKrC,SAFmC;AAGnD9G,oBAAMmJ,KAAKnJ,IAHwC;AAInD;AACA+G,4BAAcoC,KAAKpC,YALgC;AAMnDE,oBAAMkC,KAAKlC;AANwC,aAArD;;AASA,gBAAIkC,KAAKE,SAAT,EAAoB;AAClB;AACA;AACArD,0BAAYkD,YAAYb,gBAAgBc,KAAKpC,YAArB,CAAxB,IAA8D;AAC5DI,8BAAc5I,KAAK4C,IAAL,CAAU2H,SAAV,EAAqBK,KAAKE,SAA1B,CAD8C;AAE5DvC,2BAAW;AAFiD,eAA9D;AAID;AACF;AACF,SApBD;;AAsBA,YAAIwC,UAAU;AACZL,kBAAQ,kBADI;AAEZ3F,oBAAUA,QAFE;AAGZjE,mBAAS8D,cAAcD,mBAAd,CAAkCI,QAAlC,EAA4C,IAA5C,EAAkDxB,EAAEK,IAAF,CACzDvC,yBADyD,EAC9B,iBAD8B,CAAlD,CAHG;AAKZ2J,wCAA8BP,WAAWO,4BAL7B;AAMZC,2BAAiB5J,0BAA0B4J;AAN/B,SAAd;AASAtK,eAAOM,cAAP,CAAsB6E,IAAtB,IAA8BiF,OAA9B,CA/CsD,CAiDtD;AACA;;AACAtD,oBAAYkD,YAAYb,gBAAgB,gBAAhB,CAAxB,IAA6D;AAC3DnB,mBAASvC,KAAKC,SAAL,CAAe0E,OAAf,CADkD;AAE3DxC,qBAAW,KAFgD;AAG3D9G,gBAAMsJ,QAAQjK,OAH6C;AAI3D4H,gBAAM;AAJqD,SAA7D;AAMD,OAzDD;;AA2DA,UAAI;AACF,YAAIwC,cAAcb,qBAAqBc,UAArB,CAAgCD,WAAlD;;AACA3H,UAAEU,IAAF,CAAOiH,WAAP,EAAoB,UAAUf,UAAV,EAAsBrE,IAAtB,EAA4B;AAC9C5E,mBAAS4E,IAAT,IAAiB9F,KAAKwK,OAAL,CAAaL,UAAb,CAAjB;AACAD,gCAAsBC,UAAtB,EAAkCrE,IAAlC;AACD,SAHD,EAFE,CAOF;;;AACAlF,wBAAgB6G,WAAhB,GAA8BA,WAA9B;AACD,OATD,CASE,OAAOK,CAAP,EAAU;AACVmB,YAAIC,KAAJ,CAAU,yCAAyCpB,EAAEsD,KAArD;AACAC,gBAAQC,IAAR,CAAa,CAAb;AACD;AACF,KA1ED;AA2ED,GA5ED;;AA8EA1K,kBAAgB2K,mBAAhB,GAAsC,YAAY;AAChD;AACA;AACA;AACA;AACA,QAAIC,wBAAwB;AAC1B,qBAAe;AACb3E,gCAAwB;AACtB;AACA;AACA;AACA;AACA;AACA;AACA;AACA;AACA;AACA;AACA4E,sCAA4BJ,QAAQK,GAAR,CAAYC,cAAZ,IAC1B5J,OAAO6J,WAAP,EAZoB;AAatBC,oBAAUR,QAAQK,GAAR,CAAYI,eAAZ,IACR/J,OAAO6J,WAAP;AAdoB;AADX;AADW,KAA5B;AAqBAhC,cAAUK,OAAV,CAAkB,YAAW;AAC3B1G,QAAEU,IAAF,CAAOtD,OAAOM,cAAd,EAA8B,UAAU8J,OAAV,EAAmBjG,QAAnB,EAA6B;AACzDa,0BAAkBb,QAAlB,IACElE,gBAAgB6F,2BAAhB,CACE3B,QADF,EACYiG,QAAQhG,QADpB,EAEEyG,sBAAsB1G,QAAtB,CAFF,CADF;AAID,OALD,EAD2B,CAQ3B;;;AACAc,4BAAsB,EAAtB,CAT2B,CAW3B;AACA;;AACA,UAAImG,WAAWpG,kBAAkBhF,OAAOK,WAAzB,EAAsCgL,QAAtC,CAA+CC,GAA9D,CAb2B,CAc3B;AACA;;AACA,UAAIC,SAAS3I,EAAE4D,GAAF,CAAM4E,QAAN,EAAgB,UAASI,OAAT,EAAkB;AAC7C,eAAO;AAAElM,eAAKkB,2BAA2BgL,QAAQlM,GAAnC;AAAP,SAAP;AACD,OAFY,CAAb;;AAGAW,sBAAgBwL,iBAAhB,GAAoC;AAAEF;AAAF,OAApC;AACD,KApBD;AAqBD,GA/CD;;AAiDAtL,kBAAgBoJ,oBAAhB,GAvIgC,CAyIhC;;AACA,MAAIqC,MAAMlM,SAAV,CA1IgC,CA4IhC;AACA;;AACA,MAAImM,qBAAqBnM,SAAzB;AACAkM,MAAIE,GAAJ,CAAQD,kBAAR,EA/IgC,CAiJhC;;AACAD,MAAIE,GAAJ,CAAQpM,QAAQqM,QAAR,EAAR,EAlJgC,CAoJhC;AACA;;AACAH,MAAIE,GAAJ,CAAQ,UAASjJ,GAAT,EAAc8B,GAAd,EAAmBuC,IAAnB,EAAyB;AAC/B,QAAInD,YAAYiI,UAAZ,CAAuBnJ,IAAIrD,GAA3B,CAAJ,EAAqC;AACnC0H;AACA;AACD;;AACDvC,QAAI6C,SAAJ,CAAc,GAAd;AACA7C,QAAI8C,KAAJ,CAAU,aAAV;AACA9C,QAAI+C,GAAJ;AACD,GARD,EAtJgC,CAgKhC;;AACAkE,MAAIE,GAAJ,CAAQ,UAAUxI,OAAV,EAAmB2I,QAAnB,EAA6B/E,IAA7B,EAAmC;AACzC,QAAIgF,aAAatL,0BAA0BC,oBAA3C;;AACA,QAAIrB,MAAML,IAAIC,OAAJ,CAAY,KAAZ,EAAmB8D,KAAnB,CAAyBI,QAAQ9D,GAAjC,CAAV;;AACA,QAAImH,WAAWnH,IAAImH,QAAnB,CAHyC,CAIzC;AACA;;AACA,QAAIuF,cAAcvF,SAASwF,SAAT,CAAmB,CAAnB,EAAsBD,WAAWnK,MAAjC,MAA6CmK,UAA3D,KACAvF,SAAS5E,MAAT,IAAmBmK,WAAWnK,MAA9B,IACG4E,SAASwF,SAAT,CAAmBD,WAAWnK,MAA9B,EAAsCmK,WAAWnK,MAAX,GAAoB,CAA1D,MAAiE,GAFpE,CAAJ,EAE8E;AAC5EuB,cAAQ9D,GAAR,GAAc8D,QAAQ9D,GAAR,CAAY2M,SAAZ,CAAsBD,WAAWnK,MAAjC,CAAd;AACAmF;AACD,KALD,MAKO,IAAIP,aAAa,cAAb,IAA+BA,aAAa,aAAhD,EAA+D;AACpEO;AACD,KAFM,MAEA,IAAIgF,UAAJ,EAAgB;AACrBD,eAASzE,SAAT,CAAmB,GAAnB;AACAyE,eAASxE,KAAT,CAAe,cAAf;AACAwE,eAASvE,GAAT;AACD,KAJM,MAIA;AACLR;AACD;AACF,GApBD,EAjKgC,CAuLhC;AACA;;AACA0E,MAAIE,GAAJ,CAAQpM,QAAQ0M,KAAR,EAAR,EAzLgC,CA2LhC;AACA;;AACAR,MAAIE,GAAJ,CAAQ,UAAUjJ,GAAV,EAAe8B,GAAf,EAAoBuC,IAApB,EAA0B;AAChCnH,UAAM,YAAY;AACjBI,sBAAgB8G,qBAAhB,CAAsCD,WAAtC,EAAmDnE,GAAnD,EAAwD8B,GAAxD,EAA6DuC,IAA7D;AACA,KAFD,EAEGmF,GAFH;AAGD,GAJD,EA7LgC,CAmMhC;AACA;;AACA,MAAIC,wBAAwB5M,SAA5B;AACAkM,MAAIE,GAAJ,CAAQQ,qBAAR;AAEA,MAAIC,wBAAwB,KAA5B,CAxMgC,CAyMhC;AACA;AACA;;AACAX,MAAIE,GAAJ,CAAQ,UAAUvD,GAAV,EAAe1F,GAAf,EAAoB8B,GAApB,EAAyBuC,IAAzB,EAA+B;AACrC,QAAI,CAACqB,GAAD,IAAQ,CAACgE,qBAAT,IAAkC,CAAC1J,IAAII,OAAJ,CAAY,kBAAZ,CAAvC,EAAwE;AACtEiE,WAAKqB,GAAL;AACA;AACD;;AACD5D,QAAI6C,SAAJ,CAAce,IAAIiE,MAAlB,EAA0B;AAAE,sBAAgB;AAAlB,KAA1B;AACA7H,QAAI+C,GAAJ,CAAQ,kBAAR;AACD,GAPD;AASAkE,MAAIE,GAAJ,CAAQ,UAAUjJ,GAAV,EAAe8B,GAAf,EAAoBuC,IAApB,EAA0B;AAChCnH,UAAM,YAAY;AAChB,UAAI,CAAC+D,OAAOjB,IAAIrD,GAAX,CAAL,EACE,OAAO0H,MAAP;AAEF,UAAIjE,UAAU;AACZ,wBAAgB;AADJ,OAAd;AAGA,UAAIiG,YAAJ,EACEjG,QAAQ,YAAR,IAAwB,OAAxB;AAEF,UAAIK,UAAUpD,OAAO0C,iBAAP,CAAyBC,GAAzB,CAAd;;AAEA,UAAIS,QAAQ9D,GAAR,CAAY4M,KAAZ,IAAqB9I,QAAQ9D,GAAR,CAAY4M,KAAZ,CAAkB,qBAAlB,CAAzB,EAAmE;AACjE;AACA;AACA;AACA;AACA;AACA;AACA;AACAnJ,gBAAQ,cAAR,IAA0B,yBAA1B;AACAA,gBAAQ,eAAR,IAA2B,UAA3B;AACA0B,YAAI6C,SAAJ,CAAc,GAAd,EAAmBvE,OAAnB;AACA0B,YAAI8C,KAAJ,CAAU,4CAAV;AACA9C,YAAI+C,GAAJ;AACA,eAAO+E,SAAP;AACD;;AAED,UAAInJ,QAAQ9D,GAAR,CAAY4M,KAAZ,IAAqB9I,QAAQ9D,GAAR,CAAY4M,KAAZ,CAAkB,oBAAlB,CAAzB,EAAkE;AAChE;AACA;AACA;AACA;AACAnJ,gBAAQ,eAAR,IAA2B,UAA3B;AACA0B,YAAI6C,SAAJ,CAAc,GAAd,EAAmBvE,OAAnB;AACA0B,YAAI+C,GAAJ,CAAQ,eAAR;AACA,eAAO+E,SAAP;AACD;;AAED,UAAInJ,QAAQ9D,GAAR,CAAY4M,KAAZ,IAAqB9I,QAAQ9D,GAAR,CAAY4M,KAAZ,CAAkB,yBAAlB,CAAzB,EAAuE;AACrE;AACA;AACA;AACA;AACAnJ,gBAAQ,eAAR,IAA2B,UAA3B;AACA0B,YAAI6C,SAAJ,CAAc,GAAd,EAAmBvE,OAAnB;AACA0B,YAAI+C,GAAJ,CAAQ,eAAR;AACA,eAAO+E,SAAP;AACD,OAhDe,CAkDhB;;;AACA,UAAI9F,WAAWhH,SAASkD,GAAT,EAAc8D,QAA7B;AACA,UAAI+F,UAAU/F,SAAS/E,KAAT,CAAe,GAAf,EAAoB,CAApB,CAAd;AACA,UAAI+K,iBAAiB,SAASD,QAAQ9D,OAAR,CAAgB,KAAhB,EAAuB,EAAvB,CAA9B;;AAEA,UAAI,CAAC,MAAMG,IAAN,CAAW2D,OAAX,CAAD,IAAwB,CAAC5J,EAAE6E,GAAF,CAAMlH,QAAN,EAAgBkM,cAAhB,CAA7B,EAA8D;AAC5DD,kBAAUxM,OAAOK,WAAjB;AACD,OAFD,MAEO;AACLmM,kBAAUC,cAAV;AACD;;AAED,UAAIC,WAAJ;;AACA,UAAI;AACFA,sBAAcxH,eAAe9B,OAAf,EAAwBoJ,OAAxB,CAAd;AACD,OAFD,CAEE,OAAOrF,CAAP,EAAU;AACVmB,YAAIC,KAAJ,CAAU,6BAA6BpB,EAAEsD,KAAzC;AACAhG,YAAI6C,SAAJ,CAAc,GAAd,EAAmBvE,OAAnB;AACA0B,YAAI+C,GAAJ;AACA,eAAO+E,SAAP;AACD;;AAED,UAAII,aAAalI,IAAIkI,UAAJ,GAAiBlI,IAAIkI,UAArB,GAAkC,GAAnD;AACAlI,UAAI6C,SAAJ,CAAcqF,UAAd,EAA0B5J,OAA1B;AACA0B,UAAI8C,KAAJ,CAAUmF,WAAV;AACAjI,UAAI+C,GAAJ;AACA,aAAO+E,SAAP;AACD,KA5ED,EA4EGJ,GA5EH;AA6ED,GA9ED,EArNgC,CAqShC;;AACAT,MAAIE,GAAJ,CAAQ,UAAUjJ,GAAV,EAAe8B,GAAf,EAAoB;AAC1BA,QAAI6C,SAAJ,CAAc,GAAd;AACA7C,QAAI+C,GAAJ;AACD,GAHD;AAMA,MAAIoF,aAAazN,KAAK0N,YAAL,CAAkBnB,GAAlB,CAAjB;AACA,MAAIoB,uBAAuB,EAA3B,CA7SgC,CA+ShC;AACA;AACA;;AACAF,aAAWlI,UAAX,CAAsB5E,oBAAtB,EAlTgC,CAoThC;AACA;AACA;;AACA8M,aAAW9H,EAAX,CAAc,SAAd,EAAyB9E,OAAOwE,iCAAhC,EAvTgC,CAyThC;AACA;AACA;AACA;AACA;AACA;AACA;;AACAoI,aAAW9H,EAAX,CAAc,aAAd,EAA6B,UAACuD,GAAD,EAAM0E,MAAN,EAAiB;AAC5C;AACA,QAAIA,OAAOC,SAAX,EAAsB;AACpB;AACD;;AAED,QAAI3E,IAAI4E,OAAJ,KAAgB,aAApB,EAAmC;AACjCF,aAAOvF,GAAP,CAAW,kCAAX;AACD,KAFD,MAEO;AACL;AACA;AACAuF,aAAOG,OAAP,CAAe7E,GAAf;AACD;AACF,GAbD,EAhUgC,CA+UhC;;AACAzF,IAAEC,MAAF,CAAS7C,MAAT,EAAiB;AACfmN,qBAAiBf,qBADF;AAEfT,wBAAoBA,kBAFL;AAGfiB,gBAAYA,UAHG;AAIfQ,gBAAY1B,GAJG;AAKf;AACAW,2BAAuB,YAAY;AACjCA,8BAAwB,IAAxB;AACD,KARc;AASfgB,iBAAa,UAAUC,CAAV,EAAa;AACxB,UAAIR,oBAAJ,EACEA,qBAAqBnJ,IAArB,CAA0B2J,CAA1B,EADF,KAGEA;AACH;AAdc,GAAjB,EAhVgC,CAiWhC;AACA;AACA;;;AACAC,SAAO,UAAUC,IAAV,EAAgB;AACrBvN,oBAAgB2K,mBAAhB,GADqB,CAGrB;;AACA,QAAI6C,YAAYxN,gBAAgB0I,SAAhB,CAA0B+B,QAAQK,GAAR,CAAY2C,IAAtC,KAA+C,CAA/D;AACA,QAAIC,OAAOjD,QAAQK,GAAR,CAAY6C,OAAvB;AACA,QAAIC,UAAUF,QAAQ,SAAtB;AACAf,eAAWkB,MAAX,CAAkBL,SAAlB,EAA6BI,OAA7B,EAAsCzM,OAAO2M,eAAP,CAAuB,YAAW;AACtE,UAAIrD,QAAQK,GAAR,CAAYiD,sBAAhB,EACEC,QAAQC,GAAR,CAAY,WAAZ,EAFoE,CAE1C;;AAE5B,UAAIC,YAAYrB,oBAAhB;AACAA,6BAAuB,IAAvB;;AACAlK,QAAEU,IAAF,CAAO6K,SAAP,EAAkB,UAAUC,CAAV,EAAa;AAAEA;AAAM,OAAvC;AAED,KARqC,EAQnC,UAAUjH,CAAV,EAAa;AACd8G,cAAQ1F,KAAR,CAAc,kBAAd,EAAkCpB,CAAlC;AACA8G,cAAQ1F,KAAR,CAAcpB,KAAKA,EAAEsD,KAArB;AACD,KAXqC,CAAtC;AAaA,WAAO,QAAP;AACD,GArBD;AAsBD,CA1XD;;AA6XA1B;AAGA,IAAIpD,uBAAuB,IAA3B;;AAEA1F,gBAAgB0F,oBAAhB,GAAuC,YAAY;AACjD,SAAOA,oBAAP;AACD,CAFD;;AAIA1F,gBAAgBoO,uBAAhB,GAA0C,UAAUC,KAAV,EAAiB;AACzD3I,yBAAuB2I,KAAvB;AACArO,kBAAgB2K,mBAAhB;AACD,CAHD;;AAMA3K,gBAAgBsO,6BAAhB,GAAgD,UAAUC,MAAV,EAAkB;AAChEhO,+BAA6BgO,MAA7B;AACAvO,kBAAgB2K,mBAAhB;AACD,CAHD;;AAKA3K,gBAAgBwO,qBAAhB,GAAwC,UAAUC,MAAV,EAAkB;AACxD,MAAIC,OAAO,IAAX;AACAA,OAAKJ,6BAAL,CACE,UAAUjP,GAAV,EAAe;AACb,WAAOoP,SAASpP,GAAhB;AACH,GAHD;AAID,CAND,C,CAQA;AACA;AACA;AACA;;;AACA,IAAIiH,qBAAqB,EAAzB;;AACAtG,gBAAgB2O,WAAhB,GAA8B,UAAU/N,QAAV,EAAoB;AAChD0F,qBAAmB,MAAM3F,KAAKC,QAAL,CAAN,GAAuB,KAA1C,IAAmDA,QAAnD;AACD,CAFD,C,CAIA;;;AACAZ,gBAAgBiF,cAAhB,GAAiCA,cAAjC;AACAjF,gBAAgBsG,kBAAhB,GAAqCA,kBAArC","file":"/packages/webapp/webapp_server.js.map","sourcesContent":["////////// Requires //////////\n\nvar fs = Npm.require(\"fs\");\nvar http = Npm.require(\"http\");\nvar os = Npm.require(\"os\");\nvar path = Npm.require(\"path\");\nvar url = Npm.require(\"url\");\nvar crypto = Npm.require(\"crypto\");\n\nvar connect = Npm.require('connect');\nvar parseurl = Npm.require('parseurl');\nvar useragent = Npm.require('useragent');\nvar send = Npm.require('send');\n\nvar Future = Npm.require('fibers/future');\nvar Fiber = Npm.require('fibers');\n\nvar SHORT_SOCKET_TIMEOUT = 5*1000;\nvar LONG_SOCKET_TIMEOUT = 120*1000;\n\nWebApp = {};\nWebAppInternals = {};\n\nWebAppInternals.NpmModules = {\n  connect: {\n    version: Npm.require('connect/package.json').version,\n    module: connect\n  }\n};\n\nWebApp.defaultArch = 'web.browser';\n\n// XXX maps archs to manifests\nWebApp.clientPrograms = {};\n\n// XXX maps archs to program path on filesystem\nvar archPath = {};\n\nvar bundledJsCssUrlRewriteHook = function (url) {\n  var bundledPrefix =\n     __meteor_runtime_config__.ROOT_URL_PATH_PREFIX || '';\n  return bundledPrefix + url;\n};\n\nvar sha1 = function (contents) {\n  var hash = crypto.createHash('sha1');\n  hash.update(contents);\n  return hash.digest('hex');\n};\n\nvar readUtf8FileSync = function (filename) {\n  return Meteor.wrapAsync(fs.readFile)(filename, 'utf8');\n};\n\n// #BrowserIdentification\n//\n// We have multiple places that want to identify the browser: the\n// unsupported browser page, the appcache package, and, eventually\n// delivering browser polyfills only as needed.\n//\n// To avoid detecting the browser in multiple places ad-hoc, we create a\n// Meteor \"browser\" object. It uses but does not expose the npm\n// useragent module (we could choose a different mechanism to identify\n// the browser in the future if we wanted to).  The browser object\n// contains\n//\n// * `name`: the name of the browser in camel case\n// * `major`, `minor`, `patch`: integers describing the browser version\n//\n// Also here is an early version of a Meteor `request` object, intended\n// to be a high-level description of the request without exposing\n// details of connect's low-level `req`.  Currently it contains:\n//\n// * `browser`: browser identification object described above\n// * `url`: parsed url, including parsed query params\n//\n// As a temporary hack there is a `categorizeRequest` function on WebApp which\n// converts a connect `req` to a Meteor `request`. This can go away once smart\n// packages such as appcache are being passed a `request` object directly when\n// they serve content.\n//\n// This allows `request` to be used uniformly: it is passed to the html\n// attributes hook, and the appcache package can use it when deciding\n// whether to generate a 404 for the manifest.\n//\n// Real routing / server side rendering will probably refactor this\n// heavily.\n\n\n// e.g. \"Mobile Safari\" => \"mobileSafari\"\nvar camelCase = function (name) {\n  var parts = name.split(' ');\n  parts[0] = parts[0].toLowerCase();\n  for (var i = 1;  i < parts.length;  ++i) {\n    parts[i] = parts[i].charAt(0).toUpperCase() + parts[i].substr(1);\n  }\n  return parts.join('');\n};\n\nvar identifyBrowser = function (userAgentString) {\n  var userAgent = useragent.lookup(userAgentString);\n  return {\n    name: camelCase(userAgent.family),\n    major: +userAgent.major,\n    minor: +userAgent.minor,\n    patch: +userAgent.patch\n  };\n};\n\n// XXX Refactor as part of implementing real routing.\nWebAppInternals.identifyBrowser = identifyBrowser;\n\nWebApp.categorizeRequest = function (req) {\n  return _.extend({\n    browser: identifyBrowser(req.headers['user-agent']),\n    url: url.parse(req.url, true)\n  }, _.pick(req, 'dynamicHead', 'dynamicBody'));\n};\n\n// HTML attribute hooks: functions to be called to determine any attributes to\n// be added to the '<html>' tag. Each function is passed a 'request' object (see\n// #BrowserIdentification) and should return null or object.\nvar htmlAttributeHooks = [];\nvar getHtmlAttributes = function (request) {\n  var combinedAttributes  = {};\n  _.each(htmlAttributeHooks || [], function (hook) {\n    var attributes = hook(request);\n    if (attributes === null)\n      return;\n    if (typeof attributes !== 'object')\n      throw Error(\"HTML attribute hook must return null or object\");\n    _.extend(combinedAttributes, attributes);\n  });\n  return combinedAttributes;\n};\nWebApp.addHtmlAttributeHook = function (hook) {\n  htmlAttributeHooks.push(hook);\n};\n\n// Serve app HTML for this URL?\nvar appUrl = function (url) {\n  if (url === '/favicon.ico' || url === '/robots.txt')\n    return false;\n\n  // NOTE: app.manifest is not a web standard like favicon.ico and\n  // robots.txt. It is a file name we have chosen to use for HTML5\n  // appcache URLs. It is included here to prevent using an appcache\n  // then removing it from poisoning an app permanently. Eventually,\n  // once we have server side routing, this won't be needed as\n  // unknown URLs with return a 404 automatically.\n  if (url === '/app.manifest')\n    return false;\n\n  // Avoid serving app HTML for declared routes such as /sockjs/.\n  if (RoutePolicy.classify(url))\n    return false;\n\n  // we currently return app HTML on all URLs by default\n  return true;\n};\n\n\n// We need to calculate the client hash after all packages have loaded\n// to give them a chance to populate __meteor_runtime_config__.\n//\n// Calculating the hash during startup means that packages can only\n// populate __meteor_runtime_config__ during load, not during startup.\n//\n// Calculating instead it at the beginning of main after all startup\n// hooks had run would allow packages to also populate\n// __meteor_runtime_config__ during startup, but that's too late for\n// autoupdate because it needs to have the client hash at startup to\n// insert the auto update version itself into\n// __meteor_runtime_config__ to get it to the client.\n//\n// An alternative would be to give autoupdate a \"post-start,\n// pre-listen\" hook to allow it to insert the auto update version at\n// the right moment.\n\nMeteor.startup(function () {\n  var calculateClientHash = WebAppHashing.calculateClientHash;\n  WebApp.clientHash = function (archName) {\n    archName = archName || WebApp.defaultArch;\n    return calculateClientHash(WebApp.clientPrograms[archName].manifest);\n  };\n\n  WebApp.calculateClientHashRefreshable = function (archName) {\n    archName = archName || WebApp.defaultArch;\n    return calculateClientHash(WebApp.clientPrograms[archName].manifest,\n      function (name) {\n        return name === \"css\";\n      });\n  };\n  WebApp.calculateClientHashNonRefreshable = function (archName) {\n    archName = archName || WebApp.defaultArch;\n    return calculateClientHash(WebApp.clientPrograms[archName].manifest,\n      function (name) {\n        return name !== \"css\";\n      });\n  };\n  WebApp.calculateClientHashCordova = function () {\n    var archName = 'web.cordova';\n    if (! WebApp.clientPrograms[archName])\n      return 'none';\n\n    return calculateClientHash(\n      WebApp.clientPrograms[archName].manifest, null, _.pick(\n        __meteor_runtime_config__, 'PUBLIC_SETTINGS'));\n  };\n});\n\n\n\n// When we have a request pending, we want the socket timeout to be long, to\n// give ourselves a while to serve it, and to allow sockjs long polls to\n// complete.  On the other hand, we want to close idle sockets relatively\n// quickly, so that we can shut down relatively promptly but cleanly, without\n// cutting off anyone's response.\nWebApp._timeoutAdjustmentRequestCallback = function (req, res) {\n  // this is really just req.socket.setTimeout(LONG_SOCKET_TIMEOUT);\n  req.setTimeout(LONG_SOCKET_TIMEOUT);\n  // Insert our new finish listener to run BEFORE the existing one which removes\n  // the response from the socket.\n  var finishListeners = res.listeners('finish');\n  // XXX Apparently in Node 0.12 this event was called 'prefinish'.\n  // https://github.com/joyent/node/commit/7c9b6070\n  // But it has switched back to 'finish' in Node v4:\n  // https://github.com/nodejs/node/pull/1411\n  res.removeAllListeners('finish');\n  res.on('finish', function () {\n    res.setTimeout(SHORT_SOCKET_TIMEOUT);\n  });\n  _.each(finishListeners, function (l) { res.on('finish', l); });\n};\n\n\n// Will be updated by main before we listen.\n// Map from client arch to boilerplate object.\n// Boilerplate object has:\n//   - func: XXX\n//   - baseData: XXX\nvar boilerplateByArch = {};\n\n// Given a request (as returned from `categorizeRequest`), return the\n// boilerplate HTML to serve for that request.\n//\n// If a previous connect middleware has rendered content for the head or body,\n// returns the boilerplate with that content patched in otherwise\n// memoizes on HTML attributes (used by, eg, appcache) and whether inline \n// scripts are currently allowed.\n// XXX so far this function is always called with arch === 'web.browser'\nvar memoizedBoilerplate = {};\nvar getBoilerplate = function (request, arch) {\n  var useMemoized = ! (request.dynamicHead || request.dynamicBody);\n  var htmlAttributes = getHtmlAttributes(request);\n  \n  if (useMemoized) {\n    // The only thing that changes from request to request (unless extra \n    // content is added to the head or body) are the HTML attributes \n    // (used by, eg, appcache) and whether inline scripts are allowed, so we \n    // can memoize based on that.\n    var memHash = JSON.stringify({\n      inlineScriptsAllowed: inlineScriptsAllowed,\n      htmlAttributes: htmlAttributes,\n      arch: arch\n    });\n\n    if (! memoizedBoilerplate[memHash]) {\n      memoizedBoilerplate[memHash] = boilerplateByArch[arch].toHTML({\n        htmlAttributes: htmlAttributes\n      });\n    }\n    return memoizedBoilerplate[memHash];\n  }\n  \n  var boilerplateOptions = _.extend({ \n    htmlAttributes: htmlAttributes \n  }, _.pick(request, 'dynamicHead', 'dynamicBody'));\n  \n  return boilerplateByArch[arch].toHTML(boilerplateOptions);\n};\n\nWebAppInternals.generateBoilerplateInstance = function (arch,\n                                                        manifest,\n                                                        additionalOptions) {\n  additionalOptions = additionalOptions || {};\n\n  var runtimeConfig = _.extend(\n    _.clone(__meteor_runtime_config__),\n    additionalOptions.runtimeConfigOverrides || {}\n  );\n  return new Boilerplate(arch, manifest,\n    _.extend({\n      pathMapper: function (itemPath) {\n        return path.join(archPath[arch], itemPath); },\n      baseDataExtension: {\n        additionalStaticJs: _.map(\n          additionalStaticJs || [],\n          function (contents, pathname) {\n            return {\n              pathname: pathname,\n              contents: contents\n            };\n          }\n        ),\n        // Convert to a JSON string, then get rid of most weird characters, then\n        // wrap in double quotes. (The outermost JSON.stringify really ought to\n        // just be \"wrap in double quotes\" but we use it to be safe.) This might\n        // end up inside a <script> tag so we need to be careful to not include\n        // \"</script>\", but normal {{spacebars}} escaping escapes too much! See\n        // https://github.com/meteor/meteor/issues/3730\n        meteorRuntimeConfig: JSON.stringify(\n          encodeURIComponent(JSON.stringify(runtimeConfig))),\n        rootUrlPathPrefix: __meteor_runtime_config__.ROOT_URL_PATH_PREFIX || '',\n        bundledJsCssUrlRewriteHook: bundledJsCssUrlRewriteHook,\n        inlineScriptsAllowed: WebAppInternals.inlineScriptsAllowed(),\n        inline: additionalOptions.inline\n      }\n    }, additionalOptions)\n  );\n};\n\n// A mapping from url path to \"info\". Where \"info\" has the following fields:\n// - type: the type of file to be served\n// - cacheable: optionally, whether the file should be cached or not\n// - sourceMapUrl: optionally, the url of the source map\n//\n// Info also contains one of the following:\n// - content: the stringified content that should be served at this path\n// - absolutePath: the absolute path on disk to the file\n\nvar staticFiles;\n\n// Serve static files from the manifest or added with\n// `addStaticJs`. Exported for tests.\nWebAppInternals.staticFilesMiddleware = function (staticFiles, req, res, next) {\n  if ('GET' != req.method && 'HEAD' != req.method && 'OPTIONS' != req.method) {\n    next();\n    return;\n  }\n  var pathname = parseurl(req).pathname;\n  try {\n    pathname = decodeURIComponent(pathname);\n  } catch (e) {\n    next();\n    return;\n  }\n\n  var serveStaticJs = function (s) {\n    res.writeHead(200, {\n      'Content-type': 'application/javascript; charset=UTF-8'\n    });\n    res.write(s);\n    res.end();\n  };\n\n  if (pathname === \"/meteor_runtime_config.js\" &&\n      ! WebAppInternals.inlineScriptsAllowed()) {\n    serveStaticJs(\"__meteor_runtime_config__ = \" +\n                  JSON.stringify(__meteor_runtime_config__) + \";\");\n    return;\n  } else if (_.has(additionalStaticJs, pathname) &&\n              ! WebAppInternals.inlineScriptsAllowed()) {\n    serveStaticJs(additionalStaticJs[pathname]);\n    return;\n  }\n\n  if (!_.has(staticFiles, pathname)) {\n    next();\n    return;\n  }\n\n  // We don't need to call pause because, unlike 'static', once we call into\n  // 'send' and yield to the event loop, we never call another handler with\n  // 'next'.\n\n  var info = staticFiles[pathname];\n\n  // Cacheable files are files that should never change. Typically\n  // named by their hash (eg meteor bundled js and css files).\n  // We cache them ~forever (1yr).\n  var maxAge = info.cacheable\n        ? 1000 * 60 * 60 * 24 * 365\n        : 0;\n\n  // Set the X-SourceMap header, which current Chrome, FireFox, and Safari\n  // understand.  (The SourceMap header is slightly more spec-correct but FF\n  // doesn't understand it.)\n  //\n  // You may also need to enable source maps in Chrome: open dev tools, click\n  // the gear in the bottom right corner, and select \"enable source maps\".\n  if (info.sourceMapUrl) {\n    res.setHeader('X-SourceMap',\n                  __meteor_runtime_config__.ROOT_URL_PATH_PREFIX +\n                  info.sourceMapUrl);\n  }\n\n  if (info.type === \"js\") {\n    res.setHeader(\"Content-Type\", \"application/javascript; charset=UTF-8\");\n  } else if (info.type === \"css\") {\n    res.setHeader(\"Content-Type\", \"text/css; charset=UTF-8\");\n  } else if (info.type === \"json\") {\n    res.setHeader(\"Content-Type\", \"application/json; charset=UTF-8\");\n  }\n\n  if (info.hash) {\n    res.setHeader('ETag', '\"' + info.hash + '\"');\n  }\n\n  if (info.content) {\n    res.write(info.content);\n    res.end();\n  } else {\n    send(req, info.absolutePath, {\n        maxage: maxAge,\n        dotfiles: 'allow', // if we specified a dotfile in the manifest, serve it\n        lastModified: false // don't set last-modified based on the file date\n      }).on('error', function (err) {\n        Log.error(\"Error serving static file \" + err);\n        res.writeHead(500);\n        res.end();\n      })\n      .on('directory', function () {\n        Log.error(\"Unexpected directory \" + info.absolutePath);\n        res.writeHead(500);\n        res.end();\n      })\n      .pipe(res);\n  }\n};\n\nvar getUrlPrefixForArch = function (arch) {\n  // XXX we rely on the fact that arch names don't contain slashes\n  // in that case we would need to uri escape it\n\n  // We add '__' to the beginning of non-standard archs to \"scope\" the url\n  // to Meteor internals.\n  return arch === WebApp.defaultArch ?\n    '' : '/' + '__' + arch.replace(/^web\\./, '');\n};\n\n// parse port to see if its a Windows Server style named pipe. If so, return as-is (String), otherwise return as Int\nWebAppInternals.parsePort = function (port) {\n  if( /\\\\\\\\?.+\\\\pipe\\\\?.+/.test(port) ) {\n    return port;\n  }\n\n  return parseInt(port);\n};\n\nvar runWebAppServer = function () {\n  var shuttingDown = false;\n  var syncQueue = new Meteor._SynchronousQueue();\n\n  var getItemPathname = function (itemUrl) {\n    return decodeURIComponent(url.parse(itemUrl).pathname);\n  };\n\n  WebAppInternals.reloadClientPrograms = function () {\n    syncQueue.runTask(function() {\n      staticFiles = {};\n      var generateClientProgram = function (clientPath, arch) {\n        // read the control for the client we'll be serving up\n        var clientJsonPath = path.join(__meteor_bootstrap__.serverDir,\n                                   clientPath);\n        var clientDir = path.dirname(clientJsonPath);\n        var clientJson = JSON.parse(readUtf8FileSync(clientJsonPath));\n        if (clientJson.format !== \"web-program-pre1\")\n          throw new Error(\"Unsupported format for client assets: \" +\n                          JSON.stringify(clientJson.format));\n\n        if (! clientJsonPath || ! clientDir || ! clientJson)\n          throw new Error(\"Client config file not parsed.\");\n\n        var urlPrefix = getUrlPrefixForArch(arch);\n\n        var manifest = clientJson.manifest;\n        _.each(manifest, function (item) {\n          if (item.url && item.where === \"client\") {\n            staticFiles[urlPrefix + getItemPathname(item.url)] = {\n              absolutePath: path.join(clientDir, item.path),\n              cacheable: item.cacheable,\n              hash: item.hash,\n              // Link from source to its map\n              sourceMapUrl: item.sourceMapUrl,\n              type: item.type\n            };\n\n            if (item.sourceMap) {\n              // Serve the source map too, under the specified URL. We assume all\n              // source maps are cacheable.\n              staticFiles[urlPrefix + getItemPathname(item.sourceMapUrl)] = {\n                absolutePath: path.join(clientDir, item.sourceMap),\n                cacheable: true\n              };\n            }\n          }\n        });\n\n        var program = {\n          format: \"web-program-pre1\",\n          manifest: manifest,\n          version: WebAppHashing.calculateClientHash(manifest, null, _.pick(\n            __meteor_runtime_config__, 'PUBLIC_SETTINGS')),\n          cordovaCompatibilityVersions: clientJson.cordovaCompatibilityVersions,\n          PUBLIC_SETTINGS: __meteor_runtime_config__.PUBLIC_SETTINGS\n        };\n\n        WebApp.clientPrograms[arch] = program;\n\n        // Serve the program as a string at /foo/<arch>/manifest.json\n        // XXX change manifest.json -> program.json\n        staticFiles[urlPrefix + getItemPathname('/manifest.json')] = {\n          content: JSON.stringify(program),\n          cacheable: false,\n          hash: program.version,\n          type: \"json\"\n        };\n      };\n\n      try {\n        var clientPaths = __meteor_bootstrap__.configJson.clientPaths;\n        _.each(clientPaths, function (clientPath, arch) {\n          archPath[arch] = path.dirname(clientPath);\n          generateClientProgram(clientPath, arch);\n        });\n\n        // Exported for tests.\n        WebAppInternals.staticFiles = staticFiles;\n      } catch (e) {\n        Log.error(\"Error reloading the client program: \" + e.stack);\n        process.exit(1);\n      }\n    });\n  };\n\n  WebAppInternals.generateBoilerplate = function () {\n    // This boilerplate will be served to the mobile devices when used with\n    // Meteor/Cordova for the Hot-Code Push and since the file will be served by\n    // the device's server, it is important to set the DDP url to the actual\n    // Meteor server accepting DDP connections and not the device's file server.\n    var defaultOptionsForArch = {\n      'web.cordova': {\n        runtimeConfigOverrides: {\n          // XXX We use absoluteUrl() here so that we serve https://\n          // URLs to cordova clients if force-ssl is in use. If we were\n          // to use __meteor_runtime_config__.ROOT_URL instead of\n          // absoluteUrl(), then Cordova clients would immediately get a\n          // HCP setting their DDP_DEFAULT_CONNECTION_URL to\n          // http://example.meteor.com. This breaks the app, because\n          // force-ssl doesn't serve CORS headers on 302\n          // redirects. (Plus it's undesirable to have clients\n          // connecting to http://example.meteor.com when force-ssl is\n          // in use.)\n          DDP_DEFAULT_CONNECTION_URL: process.env.MOBILE_DDP_URL ||\n            Meteor.absoluteUrl(),\n          ROOT_URL: process.env.MOBILE_ROOT_URL ||\n            Meteor.absoluteUrl()\n        }\n      }\n    };\n\n    syncQueue.runTask(function() {\n      _.each(WebApp.clientPrograms, function (program, archName) {\n        boilerplateByArch[archName] =\n          WebAppInternals.generateBoilerplateInstance(\n            archName, program.manifest,\n            defaultOptionsForArch[archName]);\n      });\n\n      // Clear the memoized boilerplate cache.\n      memoizedBoilerplate = {};\n\n      // Configure CSS injection for the default arch\n      // XXX implement the CSS injection for all archs?\n      var cssFiles = boilerplateByArch[WebApp.defaultArch].baseData.css;\n      // Rewrite all CSS files (which are written directly to <style> tags)\n      // by autoupdate_client to use the CDN prefix/etc\n      var allCss = _.map(cssFiles, function(cssFile) {\n        return { url: bundledJsCssUrlRewriteHook(cssFile.url) };\n      });\n      WebAppInternals.refreshableAssets = { allCss };\n    });\n  };\n\n  WebAppInternals.reloadClientPrograms();\n\n  // webserver\n  var app = connect();\n\n  // Packages and apps can add handlers that run before any other Meteor\n  // handlers via WebApp.rawConnectHandlers.\n  var rawConnectHandlers = connect();\n  app.use(rawConnectHandlers);\n\n  // Auto-compress any json, javascript, or text.\n  app.use(connect.compress());\n\n  // We're not a proxy; reject (without crashing) attempts to treat us like\n  // one. (See #1212.)\n  app.use(function(req, res, next) {\n    if (RoutePolicy.isValidUrl(req.url)) {\n      next();\n      return;\n    }\n    res.writeHead(400);\n    res.write(\"Not a proxy\");\n    res.end();\n  });\n\n  // Strip off the path prefix, if it exists.\n  app.use(function (request, response, next) {\n    var pathPrefix = __meteor_runtime_config__.ROOT_URL_PATH_PREFIX;\n    var url = Npm.require('url').parse(request.url);\n    var pathname = url.pathname;\n    // check if the path in the url starts with the path prefix (and the part\n    // after the path prefix must start with a / if it exists.)\n    if (pathPrefix && pathname.substring(0, pathPrefix.length) === pathPrefix &&\n       (pathname.length == pathPrefix.length\n        || pathname.substring(pathPrefix.length, pathPrefix.length + 1) === \"/\")) {\n      request.url = request.url.substring(pathPrefix.length);\n      next();\n    } else if (pathname === \"/favicon.ico\" || pathname === \"/robots.txt\") {\n      next();\n    } else if (pathPrefix) {\n      response.writeHead(404);\n      response.write(\"Unknown path\");\n      response.end();\n    } else {\n      next();\n    }\n  });\n\n  // Parse the query string into res.query. Used by oauth_server, but it's\n  // generally pretty handy..\n  app.use(connect.query());\n\n  // Serve static files from the manifest.\n  // This is inspired by the 'static' middleware.\n  app.use(function (req, res, next) {\n    Fiber(function () {\n     WebAppInternals.staticFilesMiddleware(staticFiles, req, res, next);\n    }).run();\n  });\n\n  // Packages and apps can add handlers to this via WebApp.connectHandlers.\n  // They are inserted before our default handler.\n  var packageAndAppHandlers = connect();\n  app.use(packageAndAppHandlers);\n\n  var suppressConnectErrors = false;\n  // connect knows it is an error handler because it has 4 arguments instead of\n  // 3. go figure.  (It is not smart enough to find such a thing if it's hidden\n  // inside packageAndAppHandlers.)\n  app.use(function (err, req, res, next) {\n    if (!err || !suppressConnectErrors || !req.headers['x-suppress-error']) {\n      next(err);\n      return;\n    }\n    res.writeHead(err.status, { 'Content-Type': 'text/plain' });\n    res.end(\"An error message\");\n  });\n\n  app.use(function (req, res, next) {\n    Fiber(function () {\n      if (!appUrl(req.url))\n        return next();\n\n      var headers = {\n        'Content-Type': 'text/html; charset=utf-8'\n      };\n      if (shuttingDown)\n        headers['Connection'] = 'Close';\n\n      var request = WebApp.categorizeRequest(req);\n\n      if (request.url.query && request.url.query['meteor_css_resource']) {\n        // In this case, we're requesting a CSS resource in the meteor-specific\n        // way, but we don't have it.  Serve a static css file that indicates that\n        // we didn't have it, so we can detect that and refresh.  Make sure\n        // that any proxies or CDNs don't cache this error!  (Normally proxies\n        // or CDNs are smart enough not to cache error pages, but in order to\n        // make this hack work, we need to return the CSS file as a 200, which\n        // would otherwise be cached.)\n        headers['Content-Type'] = 'text/css; charset=utf-8';\n        headers['Cache-Control'] = 'no-cache';\n        res.writeHead(200, headers);\n        res.write(\".meteor-css-not-found-error { width: 0px;}\");\n        res.end();\n        return undefined;\n      }\n\n      if (request.url.query && request.url.query['meteor_js_resource']) {\n        // Similarly, we're requesting a JS resource that we don't have.\n        // Serve an uncached 404. (We can't use the same hack we use for CSS,\n        // because actually acting on that hack requires us to have the JS\n        // already!)\n        headers['Cache-Control'] = 'no-cache';\n        res.writeHead(404, headers);\n        res.end(\"404 Not Found\");\n        return undefined;\n      }\n\n      if (request.url.query && request.url.query['meteor_dont_serve_index']) {\n        // When downloading files during a Cordova hot code push, we need\n        // to detect if a file is not available instead of inadvertently\n        // downloading the default index page.\n        // So similar to the situation above, we serve an uncached 404.\n        headers['Cache-Control'] = 'no-cache';\n        res.writeHead(404, headers);\n        res.end(\"404 Not Found\");\n        return undefined;\n      }\n\n      // /packages/asdfsad ... /__cordova/dafsdf.js\n      var pathname = parseurl(req).pathname;\n      var archKey = pathname.split('/')[1];\n      var archKeyCleaned = 'web.' + archKey.replace(/^__/, '');\n\n      if (!/^__/.test(archKey) || !_.has(archPath, archKeyCleaned)) {\n        archKey = WebApp.defaultArch;\n      } else {\n        archKey = archKeyCleaned;\n      }\n\n      var boilerplate;\n      try {\n        boilerplate = getBoilerplate(request, archKey);\n      } catch (e) {\n        Log.error(\"Error running template: \" + e.stack);\n        res.writeHead(500, headers);\n        res.end();\n        return undefined;\n      }\n\n      var statusCode = res.statusCode ? res.statusCode : 200;\n      res.writeHead(statusCode, headers);\n      res.write(boilerplate);\n      res.end();\n      return undefined;\n    }).run();\n  });\n\n  // Return 404 by default, if no other handlers serve this URL.\n  app.use(function (req, res) {\n    res.writeHead(404);\n    res.end();\n  });\n\n\n  var httpServer = http.createServer(app);\n  var onListeningCallbacks = [];\n\n  // After 5 seconds w/o data on a socket, kill it.  On the other hand, if\n  // there's an outstanding request, give it a higher timeout instead (to avoid\n  // killing long-polling requests)\n  httpServer.setTimeout(SHORT_SOCKET_TIMEOUT);\n\n  // Do this here, and then also in livedata/stream_server.js, because\n  // stream_server.js kills all the current request handlers when installing its\n  // own.\n  httpServer.on('request', WebApp._timeoutAdjustmentRequestCallback);\n\n  // If the client gave us a bad request, tell it instead of just closing the\n  // socket. This lets load balancers in front of us differentiate between \"a\n  // server is randomly closing sockets for no reason\" and \"client sent a bad\n  // request\".\n  //\n  // This will only work on Node 6; Node 4 destroys the socket before calling\n  // this event. See https://github.com/nodejs/node/pull/4557/ for details.\n  httpServer.on('clientError', (err, socket) => {\n    // Pre-Node-6, do nothing.\n    if (socket.destroyed) {\n      return;\n    }\n\n    if (err.message === 'Parse Error') {\n      socket.end('HTTP/1.1 400 Bad Request\\r\\n\\r\\n');\n    } else {\n      // For other errors, use the default behavior as if we had no clientError\n      // handler.\n      socket.destroy(err);\n    }\n  });\n\n  // start up app\n  _.extend(WebApp, {\n    connectHandlers: packageAndAppHandlers,\n    rawConnectHandlers: rawConnectHandlers,\n    httpServer: httpServer,\n    connectApp: app,\n    // For testing.\n    suppressConnectErrors: function () {\n      suppressConnectErrors = true;\n    },\n    onListening: function (f) {\n      if (onListeningCallbacks)\n        onListeningCallbacks.push(f);\n      else\n        f();\n    }\n  });\n\n  // Let the rest of the packages (and Meteor.startup hooks) insert connect\n  // middlewares and update __meteor_runtime_config__, then keep going to set up\n  // actually serving HTML.\n  main = function (argv) {\n    WebAppInternals.generateBoilerplate();\n\n    // only start listening after all the startup code has run.\n    var localPort = WebAppInternals.parsePort(process.env.PORT) || 0;\n    var host = process.env.BIND_IP;\n    var localIp = host || '0.0.0.0';\n    httpServer.listen(localPort, localIp, Meteor.bindEnvironment(function() {\n      if (process.env.METEOR_PRINT_ON_LISTEN)\n        console.log(\"LISTENING\"); // must match run-app.js\n\n      var callbacks = onListeningCallbacks;\n      onListeningCallbacks = null;\n      _.each(callbacks, function (x) { x(); });\n\n    }, function (e) {\n      console.error(\"Error listening:\", e);\n      console.error(e && e.stack);\n    }));\n\n    return 'DAEMON';\n  };\n};\n\n\nrunWebAppServer();\n\n\nvar inlineScriptsAllowed = true;\n\nWebAppInternals.inlineScriptsAllowed = function () {\n  return inlineScriptsAllowed;\n};\n\nWebAppInternals.setInlineScriptsAllowed = function (value) {\n  inlineScriptsAllowed = value;\n  WebAppInternals.generateBoilerplate();\n};\n\n\nWebAppInternals.setBundledJsCssUrlRewriteHook = function (hookFn) {\n  bundledJsCssUrlRewriteHook = hookFn;\n  WebAppInternals.generateBoilerplate();\n};\n\nWebAppInternals.setBundledJsCssPrefix = function (prefix) {\n  var self = this;\n  self.setBundledJsCssUrlRewriteHook(\n    function (url) {\n      return prefix + url;\n  });\n};\n\n// Packages can call `WebAppInternals.addStaticJs` to specify static\n// JavaScript to be included in the app. This static JS will be inlined,\n// unless inline scripts have been disabled, in which case it will be\n// served under `/<sha1 of contents>`.\nvar additionalStaticJs = {};\nWebAppInternals.addStaticJs = function (contents) {\n  additionalStaticJs[\"/\" + sha1(contents) + \".js\"] = contents;\n};\n\n// Exported for tests\nWebAppInternals.getBoilerplate = getBoilerplate;\nWebAppInternals.additionalStaticJs = additionalStaticJs;\n"]},"hash":"efe701a2181392b80e3d3b78f810865f34bdf3eb"}
